-- phpMyAdmin SQL Dump
-- version 4.9.1
-- https://www.phpmyadmin.net/
--
-- Хост: localhost
-- Время создания: Июл 27 2020 г., 14:59
-- Версия сервера: 5.7.21-20-beget-5.7.21-20-1-log
-- Версия PHP: 5.6.40

SET SQL_MODE = "NO_AUTO_VALUE_ON_ZERO";
SET AUTOCOMMIT = 0;
START TRANSACTION;
SET time_zone = "+00:00";


/*!40101 SET @OLD_CHARACTER_SET_CLIENT=@@CHARACTER_SET_CLIENT */;
/*!40101 SET @OLD_CHARACTER_SET_RESULTS=@@CHARACTER_SET_RESULTS */;
/*!40101 SET @OLD_COLLATION_CONNECTION=@@COLLATION_CONNECTION */;
/*!40101 SET NAMES utf8mb4 */;

--
-- База данных: `i912491v_bd`
--

-- --------------------------------------------------------

--
-- Структура таблицы `Comments`
--
-- Создание: Май 21 2019 г., 19:52
--

DROP TABLE IF EXISTS `Comments`;
CREATE TABLE `Comments` (
  `id` int(5) NOT NULL,
  `comment_text` text NOT NULL,
  `id_task_card` int(5) NOT NULL,
  `id_members` int(5) NOT NULL
) ENGINE=InnoDB DEFAULT CHARSET=utf8;

--
-- Дамп данных таблицы `Comments`
--

INSERT INTO `Comments` (`id`, `comment_text`, `id_task_card`, `id_members`) VALUES
(8, 'Это комментарий', 13, 2),
(9, 'Начало', 18, 42),
(10, 'Начало2\r\n', 19, 42),
(11, 'Привет!', 22, 45),
(12, 'Доделать через пару дней.', 22, 45),
(13, 'yfddfxkk', 19, 42),
(14, 'Task 1234', 41, 41),
(15, 'Task 1234', 41, 41),
(16, 'Task 1234', 41, 41),
(17, 'Task 1234', 41, 41),
(18, 'Task 1234', 41, 41),
(19, 'Task 1234', 41, 41),
(20, 'Task 1234', 41, 41),
(21, 'Task 1234', 41, 41),
(22, 'Task 1234', 41, 41),
(23, 'Task 1234', 41, 41),
(24, 'Task 1234', 41, 41),
(25, 'Task 1234', 41, 41),
(26, 'Task 1234', 41, 41),
(27, 'Task 1234', 41, 41),
(28, 'Task 1234', 41, 41),
(29, 'Task 1234Task 1234Task 1234Task 1234Task 1234Task 1234Task 1234Task 1234Task 1234Task 1234Task 1234Task 1234Task 1234Task 1234Task 1234Task 1234Task 1234Task 1234Task 1234Task 1234Task 1234Task 1234Task 1234Task 1234Task 1234Task 1234Task 1234Task 1234Task 1234Task 1234Task 1234Task 1234Task 1234Task 1234Task 1234Task 1234Task 1234Task 1234Task 1234Task 1234Task 1234Task 1234Task 1234Task 1234Task 1234Task 1234Task 1234Task 1234Task 1234Task 1234Task 1234Task 1234Task 1234Task 1234Task 1234Task 1234Task 1234Task 1234Task 1234Task 1234Task 1234Task 1234Task 1234Task 1234Task 1234Task 1234Task 1234Task 1234Task 1234Task 1234Task 1234Task 1234Task 1234Task 1234Task 1234Task 1234Task 1234Task 1234Task 1234Task 1234Task 1234Task 1234Task 1234Task 1234Task 1234Task 1234Task 1234Task 1234Task 1234Task 1234Task 1234Task 1234Task 1234Task 1234Task 1234Task 1234Task 1234Task 1234Task 1234Task 1234Task 1234Task 1234Task 1234Task 1234Task 1234Task 1234Task 1234Task 1234Task 1234Task 1234Task 1234Task 1234Task 1234Task 1234Task 1234Task 1234Task 1234Task 1234Task 1234Task 1234Task 1234Task 1234Task 1234Task 1234Task 1234Task 1234Task 1234Task 1234Task 1234Task 1234Task 1234Task 1234Task 1234Task 1234Task 1234Task 1234Task 1234Task 1234Task 1234Task 1234Task 1234Task 1234Task 1234Task 1234Task 1234Task 1234Task 1234Task 1234Task 1234Task 1234Task 1234Task 1234Task 1234Task 1234Task 1234Task 1234Task 1234Task 1234Task 1234Task 1234Task 1234Task 1234Task 1234Task 1234Task 1234Task 1234Task 1234Task 1234Task 1234Task 1234Task 1234Task 1234Task 1234Task 1234Task 1234Task 1234Task 1234Task 1234Task 1234Task 1234Task 1234Task 1234Task 1234Task 1234Task 1234Task 1234Task 1234Task 1234Task 1234Task 1234Task 1234Task 1234Task 1234Task 1234Task 1234Task 1234Task 1234Task 1234Task 1234Task 1234Task 1234Task 1234Task 1234Task 1234Task 1234Task 1234Task 1234Task 1234Task 1234Task 1234Task 1234Task 1234Task 1234Task 1234Task 1234Task 1234Task 1234Task 1234Task 1234Task 1234Task 1234Task 1234Task 1234Task 1234Task 1234Task 1234Task 1234Task 1234Task 1234Task 1234Task 1234Task 1234Task 1234Task 1234Task 1234Task 1234Task 1234Task 1234Task 1234Task 1234Task 1234Task 1234Task 1234Task 1234Task 1234Task 1234Task 1234Task 1234Task 1234Task 1234Task 1234Task 1234Task 1234Task 1234Task 1234Task 1234Task 1234Task 1234Task 1234Task 1234Task 1234Task 1234Task 1234Task 1234Task 1234Task 1234Task 1234Task 1234Task 1234Task 1234Task 1234Task 1234Task 1234Task 1234Task 1234Task 1234Task 1234Task 1234Task 1234Task 1234Task 1234Task 1234Task 1234Task 1234Task 1234Task 1234Task 1234Task 1234Task 1234Task 1234Task 1234Task 1234Task 1234Task 1234Task 1234Task 1234Task 1234Task 1234Task 1234Task 1234Task 1234Task 1234Task 1234Task 1234Task 1234Task 1234Task 1234Task 1234Task 1234Task 1234Task 1234Task 1234Task 1234Task 1234Task 1234Task 1234Task 1234Task 1234Task 1234Task 1234Task 1234Task 1234Task 1234Task 1234Task 1234Task 1234', 41, 41);

-- --------------------------------------------------------

--
-- Структура таблицы `Members`
--
-- Создание: Май 22 2019 г., 12:36
--

DROP TABLE IF EXISTS `Members`;
CREATE TABLE `Members` (
  `id` int(5) NOT NULL,
  `phone` varchar(11) NOT NULL,
  `groupname` varchar(50) NOT NULL,
  `id_project_roles` int(5) DEFAULT NULL,
  `id_projects` int(5) DEFAULT NULL,
  `worktime` int(10) NOT NULL
) ENGINE=InnoDB DEFAULT CHARSET=utf8;

--
-- Дамп данных таблицы `Members`
--

INSERT INTO `Members` (`id`, `phone`, `groupname`, `id_project_roles`, `id_projects`, `worktime`) VALUES
(2, '89999912499', 'ASU23', 2, 3, 0),
(3, '89568547578', '', 1, 3, 0),
(5, '89222222224', 'ASU3-18-1m', 7, 3, 3),
(6, '8888888888', '-', 1, 3, 0),
(9, '89777777777', '-', 1, 6, 0),
(23, '4567890', 'drfghj', 7, 6, 0),
(26, '89898989', 'BNFC', 7, 7, 0),
(27, '89652235454', 'TEST', 2, 7, 0),
(28, '89034562845', 'АСУ', 3, 7, 0),
(30, '89345656564', 'АСУ4', 3, 7, 0),
(40, '89111111111', 'ASU4-18-1m', 1, 3, 0),
(41, '89222222222', 'ASU4-18-1m', 7, 8, 1),
(42, '8933333333', 'ASU4-18-1m', 3, 8, 8),
(43, '89444444444', 'ASU4-18-1m', 1, 8, 0),
(44, '89222439332', 'ASU3-18-1m', 7, 8, 0),
(45, '89822369812', 'ASU3-18-1m', 3, 3, 5),
(75, '89128882757', '-', 1, 9, 0),
(76, '23458767676', '-', 1, 10, 0),
(77, '89451232', '-', 1, 10, 0),
(78, '89333695114', 'ASU', 2, 9, 0),
(79, '89777426593', 'ASU', 7, 9, 0),
(80, '89564455632', 'АСУ', 3, 9, 0),
(85, '11111111', 'ASU4', 6, 13, 0),
(88, '22222222', 'ASU4', 1, 13, 0),
(95, '33333333', 'ASU4', 1, 14, 0),
(96, '12345', 'ASU4', 1, 10, 0),
(97, '11111111', 'ASU4', 6, 16, 0),
(98, '11111111', 'ASU4', 6, 16, 0),
(99, '11000000', 'ASU4', 6, 16, 0),
(100, '22000000', 'ASU4', 4, 16, 0),
(101, '33000000', 'ASU4', 2, 16, 0),
(103, '44000000', 'ASU4', 7, 16, 0),
(104, '55000000', 'ASU4', 2, 16, 0),
(105, '66000000', 'ASU4', 5, 16, 0),
(106, '77000000', 'ASU4', 3, 16, 0),
(107, '11', 'ASU4', 6, 17, 1),
(108, '22', 'ASU4', 4, 17, 1),
(109, '33', 'ASU4', 7, 17, 2),
(110, '00000000000', 'jkjjk', 7, 18, 0),
(111, '89777777777', 'TEST', 7, 18, 0),
(112, '56565656565', 'Test', 7, 18, 0),
(113, '4343', 'rrra', 6, 3, 0),
(114, '123456789', 'АСУ4', 3, 8, 0);

-- --------------------------------------------------------

--
-- Структура таблицы `Projects`
--
-- Создание: Июл 11 2020 г., 14:47
--

DROP TABLE IF EXISTS `Projects`;
CREATE TABLE `Projects` (
  `id` int(5) NOT NULL,
  `proj_name` varchar(100) NOT NULL,
  `date_creation` date NOT NULL,
  `id_status` int(5) NOT NULL,
  `id_teacher` int(5) NOT NULL
) ENGINE=InnoDB DEFAULT CHARSET=utf8;

--
-- Дамп данных таблицы `Projects`
--

INSERT INTO `Projects` (`id`, `proj_name`, `date_creation`, `id_status`, `id_teacher`) VALUES
(3, 'Test', '2019-05-14', 1, 9),
(6, 'Тест2', '2019-05-18', 1, 9),
(7, 'Тест4', '2019-05-18', 1, 14),
(8, 'Проект Артёма', '2019-05-20', 1, 27),
(9, 'Система учета времени работы студентов', '2019-05-23', 1, 37),
(10, '-', '2019-05-01', 1, 6),
(12, 'Тест5', '2019-05-23', 1, 38),
(13, 'TEST-1', '2019-05-29', 1, 27),
(14, 'TEST-2', '2019-05-29', 1, 111),
(15, 'TEST-2', '2019-05-29', 1, 113),
(16, 'TEST', '2019-05-29', 1, 114),
(17, 'TESTT', '2019-05-29', 1, 114),
(18, '123', '2019-04-30', 1, 9),
(19, 'ТЕСТ', '2019-06-04', 1, 114),
(20, 'ТЕСТ', '2019-06-04', 1, 114);

-- --------------------------------------------------------

--
-- Структура таблицы `Project_roles`
--
-- Создание: Июл 11 2020 г., 10:20
--

DROP TABLE IF EXISTS `Project_roles`;
CREATE TABLE `Project_roles` (
  `id` int(5) NOT NULL,
  `proj_role_name` varchar(100) NOT NULL
) ENGINE=InnoDB DEFAULT CHARSET=utf8;

--
-- Дамп данных таблицы `Project_roles`
--

INSERT INTO `Project_roles` (`id`, `proj_role_name`) VALUES
(1, 'Заказчик'),
(2, 'Разработчик'),
(3, 'Тестировщик'),
(4, 'Бизнес-аналитик'),
(5, 'Релиз-менеджер'),
(6, 'Архитектор'),
(7, 'Менеджер');

-- --------------------------------------------------------

--
-- Структура таблицы `System_roles`
--
-- Создание: Июл 11 2020 г., 12:27
--

DROP TABLE IF EXISTS `System_roles`;
CREATE TABLE `System_roles` (
  `id` int(5) NOT NULL,
  `sys_role_name` varchar(100) NOT NULL
) ENGINE=InnoDB DEFAULT CHARSET=utf8;

--
-- Дамп данных таблицы `System_roles`
--

INSERT INTO `System_roles` (`id`, `sys_role_name`) VALUES
(1, 'Администратор'),
(2, 'Менеджер'),
(3, 'Преподаватель'),
(4, 'Студент');

-- --------------------------------------------------------

--
-- Структура таблицы `Task_card`
--
-- Создание: Июл 11 2020 г., 16:22
--

DROP TABLE IF EXISTS `Task_card`;
CREATE TABLE `Task_card` (
  `id` int(5) NOT NULL,
  `task_card_name` varchar(100) NOT NULL,
  `description` text NOT NULL,
  `deadlines` varchar(10) NOT NULL,
  `id_priority` int(5) NOT NULL,
  `startworkdate` varchar(10) NOT NULL,
  `laboriousness` int(5) NOT NULL,
  `actual_time` varchar(10) NOT NULL,
  `id_task_type` int(5) NOT NULL,
  `id_members` int(5) NOT NULL,
  `id_status` int(5) NOT NULL
) ENGINE=InnoDB DEFAULT CHARSET=utf8;

--
-- Дамп данных таблицы `Task_card`
--

INSERT INTO `Task_card` (`id`, `task_card_name`, `description`, `deadlines`, `id_priority`, `startworkdate`, `laboriousness`, `actual_time`, `id_task_type`, `id_members`, `id_status`) VALUES
(12, 'Проверить все перед сдачей', '', '2019-05-31', 1, '2019-05-26', 3, '2019-05-26', 4, 5, 3),
(13, 'TestZadach', '', '2019-05-20', 1, '2019-05-26', 9, '2019-05-26', 2, 5, 3),
(15, 'Testir', 'ФВЫФВФЫВФЫВФЫВФЫВФЫВФВЫФВФЫВФЫВФЫВФЫВФЫВФВЫФВФЫВФЫВФЫВФЫВФЫВФВЫФВФЫВФЫВФЫВФЫВФЫВФВЫФВФЫВФЫВФЫВФЫВФЫВФВЫФВФЫВФЫВФЫВФЫВФЫВФВЫФВФЫВФЫВФЫВФЫВФЫВФВЫФВФЫВФЫВФЫВФЫВФЫВФВЫФВФЫВФЫВФЫВФЫВФЫВФВЫФВФЫВФЫВФЫВФЫВФЫВФВЫФВФЫВФЫВФЫВФЫВФЫВФВЫФВФЫВФЫВФЫВФЫВФЫВФВЫФВФЫВФЫВФЫВФЫВФЫВФВЫФВФЫВФЫВФЫВФЫВФЫВФВЫФВФЫВФЫВФЫВФЫВФЫВФВЫФВФЫВФЫВФЫВФЫВФЫВФВЫФВФЫВФЫВФЫВФЫВФЫВФВЫФВФЫВФЫВФЫВФЫВФЫВФВЫФВФЫВФЫВФЫВФЫВФЫВФВЫФВФЫВФЫВФЫВФЫВФЫВФВЫФВФЫВФЫВФЫВФЫВФЫВФВЫФВФЫВФЫВФЫВФЫВФЫВФВЫФВФЫВФЫВФЫВФЫВФЫВФВЫФВФЫВФЫВФЫВФЫВФЫВФВЫФВФЫВФЫВФЫВФЫВФЫВФВЫФВФЫВФЫВФЫВФЫВФЫВФВЫФВФЫВФЫВФЫВФЫВФЫВФВЫФВФЫВФЫВФЫВФЫВФЫВФВЫФВФЫВФЫВФЫВФЫВФЫВФВЫФВФЫВФЫВФЫВФЫВФЫВФВЫФВФЫВФЫВФЫВФЫВФЫВФВЫФВФЫВФЫВФЫВФЫВФЫВФВЫФВФЫВФЫВФЫВФЫВФЫВФВЫФВФЫВФЫВФЫВФЫВФЫВФВЫФВФЫВФЫВФЫВФЫВФЫВФВЫФВФЫВФЫВФЫВФЫВФЫВФВЫФВФЫВФЫВФЫВФЫВФЫВФВЫФВФЫВФЫВФЫВФЫВФЫВФВЫФВФЫВФЫВФЫВФЫВФЫВФВЫФВФЫВФЫВФЫВФЫВФЫВФВЫФВФЫВФЫВФЫВФЫВФЫВФВЫФВФЫВФЫВФЫВФЫВФЫВФВЫФВФЫВФЫВФЫВФЫВФЫВФВЫФВФЫВФЫВФЫВФЫВФЫВФВЫФВФЫВФЫВФЫВФЫВФЫВФВЫФВФЫВФЫВФЫВФЫВФЫВФВЫФВФЫВФЫВФЫВФЫВФЫВФВЫФВФЫВФЫВФЫВФЫВФЫВФВЫФВФЫВФЫВФЫВФЫВФЫВФВЫФВФЫВФЫВФЫВФЫВФЫВФВЫФВФЫВФЫВФЫВФЫВФЫВФВЫФВФЫВФЫВФЫВФЫВФЫВФВЫФВФЫВФЫВФЫВФЫВФЫВФВЫФВФЫВФЫВФЫВФЫВФЫВФВЫФВФЫВФЫВФЫВФЫВФЫВФВЫФВФЫВФЫВФЫВФЫВФЫВФВЫФВФЫВФЫВФЫВФЫВФЫВФВЫФВФЫВФЫВФЫВФЫВФЫВФВЫФВФЫВФЫВФЫВФЫВФЫВФВЫФВФЫВФЫВФЫВФЫВФЫВФВЫФВФЫВФЫВФЫВФЫВФЫВФВЫФВФЫВФЫВФЫВФЫВФЫВФВЫФВФЫВФЫВФЫВФЫВФЫВФВЫФВФЫВФЫВФЫВФЫВФЫВФВЫФВФЫВФЫВФЫВФЫВФЫВФВЫФВФЫВФЫВФЫВФЫВФЫВФВЫФВФЫВФЫВФЫВФЫВФЫВФВЫФВФЫВФЫВФЫВФЫВФЫВФВЫФВФЫВФЫВФЫВФЫВФЫВФВЫФВФЫВФЫВФЫВФЫВФЫВФВЫФВФЫВФЫВФЫВФЫВФЫВФВЫФВФЫВФЫВФЫВФЫВФЫВФВЫФВФЫВФЫВФЫВФЫВФЫВФВЫФВФЫВФЫВФЫВФЫВФЫВФВЫФВФЫВФЫВФЫВФЫВФЫВФВЫФВФЫВФЫВФЫВФЫВФЫВФВЫФВФЫВФЫВФЫВФЫВФЫВФВЫФВФЫВФЫВФЫВФЫВФЫВФВЫФВФЫВФЫВФЫВФЫВФЫВФВЫФВФЫВФЫВФЫВФЫВФЫВФВЫФВФЫВФЫВФЫВФЫВФЫВФВЫФВФЫВФЫВФЫВФЫВФЫВФВЫФВФЫВФЫВФЫВФЫВФЫВФВЫФВФЫВФЫВФЫВФЫВФЫВФВЫФВФЫВФЫВФЫВФЫВФЫВФВЫФВФЫВФЫВФЫВФЫВФЫВФВЫФВФЫВФЫВФЫВФЫВФЫВФВЫФВФЫВФЫВФЫВФЫВФЫВФВЫФВФЫВФЫВФЫВФЫВФЫВФВЫФВФЫВФЫВФЫВФЫВФЫВФВЫФВФЫВФЫВФЫВФЫВФЫВФВЫФВФЫВФЫВФЫВФЫВФЫВФВЫФВФЫВФЫВФЫВФЫВФЫВФВЫФВФЫВФЫВФЫВФЫВФЫВФВЫФВФЫВФЫВФЫВФЫВФЫВФВЫФВФЫВФЫВФЫВФЫВФЫВФВЫФВФЫВФЫВФЫВФЫВФЫВФВЫФВФЫВФЫВФЫВФЫВФЫВФВЫФВФЫВФЫВФЫВФЫВФЫВФВЫФВФЫВФЫВФЫВФЫВФЫВФВЫФВФЫВФЫВФЫВФЫВФЫВФВЫФВФЫВФЫВФЫВФЫВФЫВФВЫФВФЫВФЫВФЫВФЫВФЫВФВЫФВФЫВФЫВФЫВФЫВФЫВФВЫФВФЫВФЫВФЫВФЫВФЫВФВЫФВФЫВФЫВФЫВФЫВФЫВФВЫФВФЫВФЫВФЫВФЫВФЫВФВЫФВФЫВФЫВФЫВФЫВФЫВФВЫФВФЫВФЫВФЫВФЫВФЫВФВЫФВФЫВФЫВФЫВФЫВФЫВФВЫФВФЫВФЫВФЫВФЫВФЫВФВЫФВФЫВФЫВФЫВФЫВФЫВФВЫФВФЫВФЫВФЫВФЫВФЫВФВЫФВФЫВФЫВФЫВФЫВФЫВФВЫФВФЫВФЫВФЫВФЫВФЫВФВЫФВФЫВФЫВФЫВФЫВФЫВФВЫФВФЫВФЫВФЫВФЫВФЫВФВЫФВФЫВФЫВФЫВФЫВФЫВФВЫФВФЫВФЫВФЫВФЫВФЫВФВЫФВФЫВФЫВФЫВФЫВФЫВФВЫФВФЫВФЫВФЫВФЫВФЫВФВЫФВФЫВФЫВФЫВФЫВФЫВФВЫФВФЫВФЫВФЫВФЫВФЫВФВЫФВФЫВФЫВФЫВФЫВФЫВФВЫФВФЫВФЫВФЫВФЫВФЫВФВЫФВФЫВФЫВФЫВФЫВФЫВФВЫФВФЫВФЫВФЫВФЫВФЫВФВЫФВФЫВФЫВФЫВФЫВФЫВФВЫФВФЫВФЫВФЫВФЫВФЫВФВЫФВФЫВФЫВФЫВФЫВФЫВФВЫФВФЫВФЫВФЫВФЫВФЫВФВЫФВФЫВФЫВФЫВФЫВФЫВФВЫФВФЫВФЫВФЫВФЫВФЫВФВЫФВФЫВФЫВФЫВФЫВФЫВФВЫФВФЫВФЫВФЫВФЫВФЫВФВЫФВФЫВФЫВФЫВФЫВФЫВФВЫФВФЫВФЫВФЫВФЫВФЫВФВЫФВФЫВФЫВФЫВФЫВФЫВФВЫФВФЫВФЫВФЫВФЫВФЫВФВЫФВФЫВФЫВФЫВФЫВФЫВФВЫФВФЫВФЫВФЫВФЫВФЫВФВЫФВФЫВФЫВФЫВФЫВФЫВФВЫФВФЫВФЫВФЫВФЫВФЫВФВЫФВФЫВФЫВФЫВФЫВФЫВФВЫФВФЫВФЫВФЫВФЫВФЫВФВЫФВФЫВФЫВФЫВФЫВФЫВФВЫФВФЫВФЫВФЫВФЫВФЫВФВЫФВФЫВФЫВФЫВФЫВФЫВФВЫФВФЫВФЫВФЫВФЫВФЫВФВЫФВФЫВФЫВФЫВФЫВФЫВФВЫФВФЫВФЫВФЫВФЫВФЫВФВЫФВФЫВФЫВФЫВФЫВФЫВФВЫФВФЫВФЫВФЫВФЫВФЫВФВЫФВФЫВФЫВФЫВФЫВФЫВФВЫФВФЫВФЫВФЫВФЫВФЫВФВЫФВФЫВФЫВФЫВФЫВФЫВФВЫФВФЫВФЫВФЫВФЫВФЫВФВЫФВФЫВФЫВФЫВФЫВФЫВФВЫФВФЫВФЫВФЫВФЫВФЫВФВЫФВФЫВФЫВФЫВФЫВФЫВФВЫФВФЫВФЫВФЫВФЫВФЫВФВЫФВФЫВФЫВФЫВФЫВФЫВФВЫФВФЫВФЫВФЫВФЫВФЫВФВЫФВФЫВФЫВФЫВФЫВФЫВФВЫФВФЫВФЫВФЫВФЫВФЫВФВЫФВФЫВФЫВФЫВФЫВФЫВФВЫФВФЫВФЫВФЫВФЫВФЫВФВЫФВФЫВФЫВФЫВФЫВФЫВФВЫФВФЫВФЫВФЫВФЫВФЫВФВЫФВФЫВФЫВФЫВФЫВФЫВФВЫФВФЫВФЫВФЫВФЫВФЫВФВЫФВФЫВФЫВФЫВФЫВФЫВФВЫФВФЫВФЫВФЫВФЫВФЫВФВЫФВФЫВФЫВФЫВФЫВФЫВФВЫФВФЫВФЫВФЫВФЫВФЫВФВЫФВФЫВФЫВФЫВФЫВФЫВФВЫФВФЫВФЫВФЫВФЫВФЫВФВЫФВФЫВФЫВФЫВФЫВФЫВФВЫФВФЫВФЫВФЫВФЫВФЫВФВЫФВФЫВФЫВФЫВФЫВФЫВФВЫФВФЫВФЫВФЫВФЫВФЫВФВЫФВФЫВФЫВФЫВФЫВФЫВФВЫФВФЫВФЫВФЫВФЫВФЫВФВЫФВФЫВФЫВФЫВФЫВФЫВФВЫФВФЫВФЫВФЫВФЫВФЫВФВЫФВФЫВФЫВФЫВФЫВФЫВФВЫФВФЫВФЫВФЫВФЫВФЫВФВЫФВФЫВФЫВФЫВФЫВФЫВФВЫФВФЫВФЫВФЫВФЫВФЫВФВЫФВФЫВФЫВФЫВФЫВФЫВФВЫФВФЫВФЫВФЫВФЫВФЫВФВЫФВФЫВФЫВФЫВФЫВФЫВФВЫФВФЫВФЫВФЫВФЫВФЫВФВЫФВФЫВФЫВФЫВФЫВФЫВФВЫФВФЫВФЫВФЫВФЫВФЫВФВЫФВФЫВФЫВФЫВФЫВФЫВФВЫФВФЫВФЫВФЫВФЫВФЫВФВЫФВФЫВФЫВФЫВФЫВФЫВФВЫФВФЫВФЫВФЫВФЫВФЫВФВЫФВФЫВФЫВФЫВФЫВФЫВФВЫФВФЫВФЫВФЫВФЫВФЫВФВЫФВФЫВФЫВФЫВФЫВФЫВФВЫФВФЫВФЫВФЫВФЫВФЫВФВЫФВФЫВФЫВФЫВФЫВФЫВФВЫФВФЫВФЫВФЫВФЫВФЫВФВЫФВФЫВФЫВФЫВФЫВФЫВФВЫФВФЫВФЫВФЫВФЫВФЫВФВЫФВФЫВФЫВФЫВФЫВФЫВФВЫФВФЫВФЫВФЫВФЫВФЫВФВЫФВФЫВФЫВФЫВФЫВФЫВФВЫФВФЫВФЫВФЫВФЫВФЫВФВЫФВФЫВФЫВФЫВФЫВФЫВФВЫФВФЫВФЫВФЫВФЫВФЫВФВЫФВФЫВФЫВФЫВФЫВФЫВФВЫФВФЫВФЫВФЫВФЫВФЫВФВЫФВФЫВФЫВФЫВФЫВФЫВФВЫФВФЫВФЫВФЫВФЫВФЫВФВЫФВФЫВФЫВФЫВФЫВФЫВФВЫФВФЫВФЫВФЫВФЫВФЫВФВЫФВФЫВФЫВФЫВФЫВФЫВФВЫФВФЫВФЫВФЫВФЫВФЫВФВЫФВФЫВФЫВФЫВФЫВФЫВФВЫФВФЫВФЫВФЫВФЫВФЫВФВЫФВФЫВФЫВФЫВФЫВФЫВФВЫФВФЫВФЫВФЫВФЫВФЫВФВЫФВФЫВФЫВФЫВФЫВФЫВФВЫФВФЫВФЫВФЫВФЫВФЫВФВЫФВФЫВФЫВФЫВФЫВФЫВФВЫФВФЫВФЫВФЫВФЫВФЫВФВЫФВФЫВФЫВФЫВФЫВФЫВФВЫФВФЫВФЫВФЫВФЫВФЫВФВЫФВФЫВФЫВФЫВФЫВФЫВФВЫФВФЫВФЫВФЫВФЫВФЫВФВЫФВФЫВФЫВФЫВФЫВФЫВФВЫФВФЫВФЫВФЫВФЫВФЫВФВЫФВФЫВФЫВФЫВФЫВФЫВФВЫФВФЫВФЫВФЫВФЫВФЫВФВЫФВФЫВФЫВФЫВФЫВФЫВФВЫФВФЫВФЫВФЫВФЫВФЫВФВЫФВФЫВФЫВФЫВФЫВФЫВФВЫФВФЫВФЫВФЫВФЫВФЫВФВЫФВФЫВФЫВФЫВФЫВФЫВФВЫФВФЫВФЫВФЫВФЫВФЫВФВЫФВФЫВФЫВФЫВФЫВФЫВФВЫФВФЫВФЫВФЫВФЫВФЫВФВЫФВФЫВФЫВФЫВФЫВФЫВФВЫФВФЫВФЫВФЫВФЫВФЫВФВЫФВФЫВФЫВФЫВФЫВФЫВФВЫФВФЫВФЫВФЫВФЫВФЫВФВЫФВФЫВФЫВФЫВФЫВФЫВФВЫФВФЫВФЫВФЫВФЫВФЫВФВЫФВФЫВФЫВФЫВФЫВФЫВФВЫФВФЫВФЫВФЫВФЫВФЫВФВЫФВФЫВФЫВФЫВФЫВФЫВФВЫФВФЫВФЫВФЫВФЫВФЫВФВЫФВФЫВФЫВФЫВФЫВФЫВФВЫФВФЫВФЫВФЫВФЫВФЫВФВЫФВФЫВФЫВФЫВФЫВФЫВФВЫФВФЫВФЫВФЫВФЫВФЫВФВЫФВФЫВФЫВФЫВФЫВФЫВФВЫФВФЫВФЫВФЫВФЫВФЫВФВЫФВФЫВФЫВФЫВФЫВФЫВФВЫФВФЫВФЫВФЫВФЫВФЫВФВЫФВФЫВФЫВФЫВФЫВФЫВФВЫФВФЫВФЫВФЫВФЫВФЫВФВЫФВФЫВФЫВФЫВФЫВФЫВФВЫФВФЫВФЫВФЫВФЫВФЫВФВЫФВФЫВФЫВФЫВФЫВФЫВФВЫФВФЫВФЫВФЫВФЫВФЫВФВЫФВФЫВФЫВФЫВФЫВФЫВФВЫФВФЫВФЫВФЫВФЫВФЫВФВЫФВФЫВФЫВФЫВФЫВФЫВФВЫФВФЫВФЫВФЫВФЫВФЫВФВЫФВФЫВФЫВФЫВФЫВФЫВФВЫФВФЫВФЫВФЫВФЫВФЫВФВЫФВФЫВФЫВФЫВФЫВФЫВФВЫФВФЫВФЫВФЫВФЫВФЫВФВЫФВФЫВФЫВФЫВФЫВФЫВФВЫФВФЫВФЫВФЫВФЫВФЫВФВЫФВФЫВФЫВФЫВФЫВФЫВФВЫФВФЫВФЫВФЫВФЫВФЫВФВЫФВФЫВФЫВФЫВФЫВФЫВФВЫФВФЫВФЫВФЫВФЫВФЫВФВЫФВФЫВФЫВФЫВФЫВФЫВФВЫФВФЫВФЫВФЫВФЫВФЫВФВЫФВФЫВФЫВФЫВФЫВФЫВФВЫФВФЫВФЫВФЫВФЫВФЫВФВЫФВФЫВФЫВФЫВФЫВФЫВФВЫФВФЫВФЫВФЫВФЫВФЫВФВЫФВФЫВФЫВФЫВФЫВФЫВФВЫФВФЫВФЫВФЫВФЫВФЫВФВЫФВФЫВФЫВФЫВФЫВФЫВФВЫФВФЫВФЫВФЫВФЫВФЫВФВЫФВФЫВФЫВФЫВФЫВФЫВФВЫФВФЫВФЫВФЫВФЫВФЫВФВЫФВФЫВФЫВФЫВФЫВФЫВФВЫФВФЫВФЫВФЫВФЫВФЫВФВЫФВФЫВФЫВФЫВФЫВФЫВФВЫФВФЫВФЫВФЫВФЫВФЫВФВЫФВФЫВФЫВФЫВФЫВФЫВФВЫФВФЫВФЫВФЫВФЫВФЫВФВЫФВФЫВФЫВФЫВФЫВФЫВФВЫФВФЫВФЫВФЫВФЫВФЫВФВЫФВФЫВФЫВФЫВФЫВФЫВФВЫФВФЫВФЫВФЫВФЫВФЫВФВЫФВФЫВФЫВФЫВФЫВФЫВФВЫФВФЫВФЫВФЫВФЫВФЫВФВЫФВФЫВФЫВФЫВФЫВФЫВФВЫФВФЫВФЫВФЫВФЫВФЫВФВЫФВФЫВФЫВФЫВФЫВФЫВФВЫФВФЫВФЫВФЫВФЫВФЫВФВЫФВФЫВФЫВФЫВФЫВФЫВФВЫФВФЫВФЫВФЫВФЫВФЫВФВЫФВФЫВФЫВФЫВФЫВФЫВФВЫФВФЫВФЫВФЫВФЫВФЫВФВЫФВФЫВФЫВФЫВФЫВФЫВФВЫФВФЫВФЫВФЫВФЫВФЫВФВЫФВФЫВФЫВФЫВФЫВФЫВФВЫФВФЫВФЫВФЫВФЫВФЫВФВЫФВФЫВФЫВФЫВФЫВФЫВФВЫФВФЫВФЫВФЫВФЫВФЫВФВЫФВФЫВФЫВФЫВФЫВФЫВФВЫФВФЫВФЫВФЫВФЫВФЫВФВЫФВФЫВФЫВФЫВФЫВФЫВФВЫФВФЫВФЫВФЫВФЫВФЫВФВЫФВФЫВФЫВФЫВФЫВФЫВФВЫФВФЫВФЫВФЫВФЫВФЫВФВЫФВФЫВФЫВФЫВФЫВФЫВФВЫФВФЫВФЫВФЫВФЫВФЫВФВЫФВФЫВФЫВФЫВФЫВФЫВФВЫФВФЫВФЫВФЫВФЫВФЫВФВЫФВФЫВФЫВФЫВФЫВФЫВФВЫФВФЫВФЫВФЫВФЫВФЫВФВЫФВФЫВФЫВФЫВФЫВФЫВФВЫФВФЫВФЫВФЫВФЫВФЫВФВЫФВФЫВФЫВФЫВФЫВФЫВФВЫФВФЫВФЫВФЫВФЫВФЫВФВЫФВФЫВФЫВФЫВФЫВФЫВФВЫФВФЫВФЫВФЫВФЫВФЫВФВЫФВФЫВФЫВФЫВФЫВФЫВФВЫФВФЫВФЫВФЫВФЫВФЫВФВЫФВФЫВФЫВФЫВФЫВФЫВФВЫФВФЫВФЫВФЫВФЫВФЫВФВЫФВФЫВФЫВФЫВФЫВФЫВФВЫФВФЫВФЫВФЫВФЫВФЫВФВЫФВФЫВФЫВФЫВФЫВФЫВФВЫФВФЫВФЫВФЫВФЫВФЫВФВЫФВФЫВФЫВФЫВФЫВФЫВФВЫФВФЫВФЫВФЫВФЫВФЫВФВЫФВФЫВФЫВФЫВФЫВФЫВФВЫФВФЫВФЫВФЫВФЫВФЫВФВЫФВФЫВФЫВФЫВФЫВФЫВФВЫФВФЫВФЫВФЫВФЫВФЫВФВЫФВФЫВФЫВФЫВФЫВФЫВФВЫФВФЫВФЫВФЫВФЫВФЫВФВЫФВФЫВФЫВФЫВФЫВФЫВФВЫФВФЫВФЫВФЫВФЫВФЫВФВЫФВФЫВФЫВФЫВФЫВФЫВФВЫФВФЫВФЫВФЫВФЫВФЫВФВЫФВФЫВФЫВФЫВФЫВФЫВФВЫФВФЫВФЫВФЫВФЫВФЫВФВЫФВФЫВФЫВФЫВФЫВФЫВФВЫФВФЫВФЫВФЫВФЫВФЫВФВЫФВФЫВФЫВФЫВФЫВФЫВФВЫФВФЫВФЫВФЫВФЫВФЫВФВЫФВФЫВФЫВФЫВФЫВФЫВФВЫФВФЫВФЫВФЫВФЫВФЫВФВЫФВФЫВФЫВФЫВФЫВФЫВФВЫФВФЫВФЫВФЫВФЫВФЫВФВЫФВФЫВФЫВФЫВФЫВФЫВФВЫФВФЫВФЫВФЫВФЫВФЫВФВЫФВФЫВФЫВФЫВФЫВФЫВФВЫФВФЫВФЫВФЫВФЫВФЫВФВЫФВФЫВФЫВФЫВФЫВФЫВФВЫФВФЫВФЫВФЫВФЫВФЫВФВЫФВФЫВФЫВФЫВФЫВФЫВФВЫФВФЫВФЫВФЫВФЫВФЫВФВЫФВФЫВФЫВФЫВФЫВФЫВФВЫФВФЫВФЫВФЫВФЫВФЫВФВЫФВФЫВФЫВФЫВФЫВФЫВФВЫФВФЫВФЫВФЫВФЫВФЫВФВЫФВФЫВФЫВФЫВФЫВФЫВФВЫФВФЫВФЫВФЫВФЫВФЫВФВЫФВФЫВФЫВФЫВФЫВФЫВФВЫФВФЫВФЫВФЫВФЫВФЫВФВЫФВФЫВФЫВФЫВФЫВФЫВФВЫФВФЫВФЫВФЫВФЫВФЫВФВЫФВФЫВФЫВФЫВФЫВФЫВФВЫФВФЫВФЫВФЫВФЫВФЫВФВЫФВФЫВФЫВФЫВФЫВФЫВФВЫФВФЫВФЫВФЫВФЫВФЫВФВЫФВФЫВФЫВФЫВФЫВФЫВФВЫФВФЫВФЫВФЫВФЫВФЫВФВЫФВФЫВФЫВФЫВФЫВФЫВФВЫФВФЫВФЫВФЫВФЫВФЫВФВЫФВФЫВФЫВФЫВФЫВФЫВФВЫФВФЫВФЫВФЫВФЫВФЫВФВЫФВФЫВФЫВФЫВФЫВФЫВФВЫФВФЫВФЫВФЫВФЫВФЫВФВЫФВФЫВФЫВФЫВФЫВФЫВФВЫФВФЫВФЫВФЫВФЫВФЫВФВЫФВФЫВФЫВФЫВФЫВФЫВФВЫФВФЫВФЫВФЫВФЫВФЫВФВЫФВФЫВФЫВФЫВФЫВФЫВФВЫФВФЫВФЫВФЫВФЫВФЫВФВЫФВФЫВФЫВФЫВФЫВФЫВФВЫФВФЫВФЫВФЫВФЫВФЫВФВЫФВФЫВФЫВФЫВФЫВФЫВФВЫФВФЫВФЫВФЫВФЫВФЫВФВЫФВФЫВФЫВФЫВФЫВФЫВФВЫФВФЫВФЫВФЫВФЫВФЫВФВЫФВФЫВФЫВФЫВФЫВФЫВФВЫФВФЫВФЫВФЫВФЫВФЫВФВЫФВФЫВФЫВФЫВФЫВФЫВФВЫФВФЫВФЫВФЫВФЫВФЫВФВЫФВФЫВФЫВФЫВФЫВФЫВФВЫФВФЫВФЫВФЫВФЫВФЫВФВЫФВФЫВФЫВФЫВФЫВФЫВФВЫФВФЫВФЫВФЫВФЫВФЫВФВЫФВФЫВФЫВФЫВФЫВФЫВФВЫФВФЫВФЫВФЫВФЫВФЫВФВЫФВФЫВФЫВФЫВФЫВФЫВФВЫФВФЫВФЫВФЫВФЫВФЫВФВЫФВФЫВФЫВФЫВФЫВФЫВФВЫФВФЫВФЫВФЫВФЫВФЫВФВЫФВФЫВФЫВФЫВФЫВФЫВФВЫФВФЫВФЫВФЫВФЫВФЫВФВЫФВФЫВФЫВФЫВФЫВФЫВФВЫФВФЫВФЫВФЫВФЫВФЫВФВЫФВФЫВФЫВФЫВФЫВФЫВФВЫФВФЫВФЫВФЫВФЫВФЫВФВЫФВФЫВФЫВФЫВФЫВФЫВФВЫФВФЫВФЫВФЫВФЫВФЫВФВЫФВФЫВФЫВФЫВФЫВФЫВФВЫФВФЫВФЫВФЫВФЫВФЫВФВЫФВФЫВФЫВФЫВФЫВФЫВФВЫФВФЫВФЫВФЫВФЫВФЫВФВЫФВФЫВФЫВФЫВФЫВФЫВФВЫФВФЫВФЫВФЫВФЫВФЫВФВЫФВФЫВФЫВФЫВФЫВФЫВФВЫФВФЫВФЫВФЫВФЫВФЫВФВЫФВФЫВФЫВФЫВФЫВФЫВФВЫФВФЫВФЫВФЫВФЫВФЫВФВЫФВФЫВФЫВФЫВФЫВФЫВФВЫФВФЫВФЫВФЫВФЫВФЫВФВЫФВФЫВФЫВФЫВФЫВФЫВФВЫФВФЫВФЫВФЫВФЫВФЫВФВЫФВФЫВФЫВФЫВФЫВФЫВФВЫФВФЫВФЫВФЫВФЫВФЫВФВЫФВФЫВФЫВФЫВФЫВФЫВФВЫФВФЫВФЫВФЫВФЫВФЫВФВЫФВФЫВФЫВФЫВФЫВФЫВФВЫФВФЫВФЫВФЫВФЫВФЫВФВЫФВФЫВФЫВФЫВФЫВФЫВФВЫФВФЫВФЫВФЫВФЫВФЫВФВЫФВФЫВФЫВФЫВФЫВФЫВФВЫФВФЫВФЫВФЫВФЫВФЫВФВЫФВФЫВФЫВФЫВФЫВФЫВФВЫФВФЫВФЫВФЫВФЫВФЫВФВЫФВФЫВФЫВФЫВФЫВФЫВФВЫФВФЫВФЫВФЫВФЫВФЫВФВЫФВФЫВФЫВФЫВФЫВФЫВФВЫФВФЫВФЫВФЫВФЫВФЫВФВЫФВФЫВФЫВФЫВФЫВФЫВФВЫФВФЫВФЫВФЫВФЫВФЫВФВЫФВФЫВФЫВФЫВФЫВФЫВФВЫФВФЫВФЫВФЫВФЫВФЫВФВЫФВФЫВФЫВФЫВФЫВФЫВФВЫФВФЫВФЫВФЫВФЫВФЫВФВЫФВФЫВФЫВФЫВФЫВФЫВФВЫФВФЫВФЫВФЫВФЫВФЫВФВЫФВФЫВФЫВФЫВФЫВФЫВФВЫФВФЫВФЫВФЫВФЫВФЫВФВЫФВФЫВФЫВФЫВФЫВФЫВФВЫФВФЫВФЫВФЫВФЫВФЫВФВЫФВФЫВФЫВФЫВФЫВФЫВФВЫФВФЫВФЫВФЫВФЫВФЫВФВЫФВФЫВФЫВФЫВФЫВФЫВФВЫФВФЫВФЫВФЫВФЫВФЫВФВЫФВФЫВФЫВФЫВФЫВФЫВФВЫФВФЫВФЫВФЫВФЫВФЫВФВЫФВФЫВФЫВФЫВФЫВФЫВФВЫФВФЫВФЫВФЫВФЫВФЫВФВЫФВФЫВФЫВФЫВФЫВФЫВФВЫФВФЫВФЫВФЫВФЫВФЫВФВЫФВФЫВФЫВФЫВФЫВФЫВФВЫФВФЫВФЫВФЫВФЫВФЫВФВЫФВФЫВФЫВФЫВФЫВФЫВФВЫФВФЫВФЫВФЫВФЫВФЫВФВЫФВФЫВФЫВФЫВФЫВФЫВФВЫФВФЫВФЫВФЫВФЫВФЫВФВЫФВФЫВФЫВФЫВФЫВФЫВФВЫФВФЫВФЫВФЫВФЫВФЫВФВЫФВФЫВФЫВФЫВФЫВФЫВФВЫФВФЫВФЫВФЫВФЫВФЫВФВЫФВФЫВФЫВФЫВФЫВФЫВФВЫФВФЫВФЫВФЫВФЫВФЫВФВЫФВФЫВФЫВФЫВФЫВФЫВФВЫФВФЫВФЫВФЫВФЫВФЫВФВЫФВФЫВФЫВФЫВФЫВФЫВФВЫФВФЫВФЫВФЫВФЫВФЫВФВЫФВФЫВФЫВФЫВФЫВФЫВФВЫФВФЫВФЫВФЫВФЫВФЫВФВЫФВФЫВФЫВФЫВФЫВФЫВФВЫФВФЫВФЫВФЫВФЫВФЫВФВЫФВФЫВФЫВФЫВФЫВФЫВФВЫФВФЫВФЫВФЫВФЫВФЫВФВЫФВФЫВФЫВФЫВФЫВФЫВФВЫФВФЫВФЫВФЫВФЫВФЫВФВЫФВФЫВФЫВФЫВФЫВФЫВФВЫФВФЫВФЫВФЫВФЫВФЫВФВЫФВФЫВФЫВФЫВФЫВФЫВФВЫФВФЫВФЫВФЫВФЫВФЫВФВЫФВФЫВФЫВФЫВФЫВФЫВФВЫФВФЫВФЫВФЫВФЫВФЫВФВЫФВФЫВФЫВФЫВФЫВФЫВФВЫФВФЫВФЫВФЫВФЫВФЫВФВЫФВФЫВФЫВФЫВФЫВФЫВФВЫФВФЫВФЫВФЫВФЫВФЫВФВЫФВФЫВФЫВФЫВФЫВФЫВФВЫФВФЫВФЫВФЫВФЫВФЫВФВЫФВФЫВФЫВФЫВФЫВФЫВФВЫФВФЫВФЫВФЫВФЫВФЫВФВЫФВФЫВФЫВФЫВФЫВФЫВФВЫФВФЫВФЫВФЫВФЫВФЫВФВЫФВФЫВФЫВФЫВФЫВФЫВФВЫФВФЫВФЫВФЫВФЫВФЫВФВЫФВФЫВФЫВФЫВФЫВФЫВФВЫФВФЫВФЫВФЫВФЫВФЫВФВЫФВФЫВФЫВФЫВФЫВФЫВФВЫФВФЫВФЫВФЫВФЫВФЫВФВЫФВФЫВФЫВФЫВФЫВФЫВФВЫФВФЫВФЫВФЫВФЫВФЫВФВЫФВФЫВФЫВФЫВФЫВФЫВФВЫФВФЫВФЫВФЫВФЫВФЫВФВЫФВФЫВФЫВФЫВФЫВФЫВФВЫФВФЫВФЫВФЫВФЫВФЫВФВЫФВФЫВФЫВФЫВФЫВФЫВФВЫФВФЫВФЫВФЫВФЫВФЫВФВЫФВФЫВФЫВФЫВФЫВФЫВФВЫФВФЫВФЫВФЫВФЫВФЫВФВЫФВФЫВФЫВФЫВФЫВФЫВФВЫФВФЫВФЫВФЫВФЫВФЫВФВЫФВФЫВФЫВФЫВФЫВФЫВФВЫФВФЫВФЫВФЫВФЫВФЫВФВЫФВФЫВФЫВФЫВФЫВФЫВФВЫФВФЫВФЫВФЫВФЫВФЫВФВЫФВФЫВФЫВФЫВФЫВФЫВФВЫФВФЫВФЫВФЫВФЫВФЫВФВЫФВФЫВФЫВФЫВФЫВФЫВФВЫФВФЫВФЫВФЫВФЫВФЫВФВЫФВФЫВФЫВФЫВФЫВФЫВФВЫФВФЫВФЫВФЫВФЫВФЫВФВЫФВФЫВФЫВФЫВФЫВФЫВФВЫФВФЫВФЫВФЫВФЫВФЫВФВЫФВФЫВФЫВФЫВФЫВФЫВФВЫФВФЫВФЫВФЫВФЫВФЫВФВЫФВФЫВФЫВФЫВФЫВФЫВФВЫФВФЫВФЫВФЫВФЫВФЫВФВЫФВФЫВФЫВФЫВФЫВФЫВФВЫФВФЫВФЫВФЫВФЫВФЫВФВЫФВФЫВФЫВФЫВФЫВФЫВФВЫФВФЫВФЫВФЫВФЫВФЫВФВЫФВФЫВФЫВФЫВФЫВФЫВФВЫФВФЫВФЫВФЫВФЫВФЫВФВЫФВФЫВФЫВФЫВФЫВФЫВФВЫФВФЫВФЫВФЫВФЫВФЫВФВЫФВФЫВФЫВФЫВФЫВФЫВФВЫФВФЫВФЫВФЫВФЫВФЫВФВЫФВФЫВФЫВФЫВФЫВФЫВФВЫФВФЫВФЫВФЫВФЫВФЫВФВЫФВФЫВФЫВФЫВФЫВФЫВФВЫФВФЫВФЫВФЫВФЫВФЫВФВЫФВФЫВФЫВФЫВФЫВФЫВФВЫФВФЫВФЫВФЫВФЫВФЫВФВЫФВФЫВФЫВФЫВФЫВФЫВФВЫФВФЫВФЫВФЫВФЫВФЫВФВЫФВФЫВФЫВФЫВФЫВФЫВФВЫФВФЫВФЫВФЫВФЫВФЫВФВЫФВФЫВФЫВФЫВФЫВФЫВФВЫФВФЫВФЫВФЫВФЫВФЫВФВЫФВФЫВФЫВФЫВФЫВФЫВФВЫФВФЫВФЫВФЫВФЫВФЫВФВЫФВФЫВФЫВФЫВФЫВФЫВФВЫФВФЫВФЫВФЫВФЫВФЫВФВЫФВФЫВФЫВФЫВФЫВФЫВФВЫФВФЫВФЫВФЫВФЫВФЫВФВЫФВФЫВФЫВФЫВФЫВФЫВФВЫФВФЫВФЫВФЫВФЫВФЫВФВЫФВФЫВФЫВФЫВФЫВФЫВФВЫФВФЫВФЫВФЫВФЫВФЫВФВЫФВФЫВФЫВФЫВФЫВФЫВФВЫФВФЫВФЫВФЫВФЫВФЫВФВЫФВФЫВФЫВФЫВФЫВФЫВФВЫФВФЫВФЫВФЫВФЫВФЫВФВЫФВФЫВФЫВФЫВФЫВФЫВФВЫФВФЫВФЫВФЫВФЫВФЫВФВЫФВФЫВФЫВФЫВФЫВФЫВФВЫФВФЫВФЫВФЫВФЫВФЫВФВЫФВФЫВФЫВФЫВФЫВФЫВФВЫФВФЫВФЫВФЫВФЫВФЫВФВЫФВФЫВФЫВФЫВФЫВФЫВФВЫФВФЫВФЫВФЫВФЫВФЫВФВЫФВФЫВФЫВФЫВФЫВФЫВФВЫФВФЫВФЫВФЫВФЫВФЫВФВЫФВФЫВФЫВФЫВФЫВФЫВФВЫФВФЫВФЫВФЫВФЫВФЫВФВЫФВФЫВФЫВФЫВФЫВФЫВФВЫФВФЫВФЫВФЫВФЫВФЫВФВЫФВФЫВФЫВФЫВФЫВФЫВФВЫФВФЫВФЫВФЫВФЫВФЫВФВЫФВФЫВФЫВФЫВФЫВФЫВФВЫФВФЫВФЫВФЫВФЫВФЫВФВЫФВФЫВФЫВФЫВФЫВФЫВФВЫФВФЫВФЫВФЫВФЫВФЫВФВЫФВФЫВФЫВФЫВФЫВФЫВФВЫФВФЫВФЫВФЫВФЫВФЫВФВЫФВФЫВФЫВФЫВФЫВФЫВФВЫФВФЫВФЫВФЫВФЫВФЫВФВЫФВФЫВФЫВФЫВФЫВФЫВФВЫФВФЫВФЫВФЫВФЫВФЫВФВЫФВФЫВФЫВФЫВФЫВФЫВФВЫФВФЫВФЫВФЫВФЫВФЫВФВЫФВФЫВФЫВФЫВФЫВФЫВФВЫФВФЫВФЫВФЫВФЫВФЫВФВЫФВФЫВФЫВФЫВФЫВФЫВФВЫФВФЫВФЫВФЫВФЫВФЫВФВЫФВФЫВФЫВФЫВФЫВФЫВФВЫФВФЫВФЫВФЫВФЫВФЫВФВЫФВФЫВФЫВФЫВФЫВФЫВФВЫФВФЫВФЫВФЫВФЫВФЫВФВЫФВФЫВФЫВФЫВФЫВФЫВФВЫФВФЫВФЫВФЫВФЫВФЫВФВЫФВФЫВФЫВФЫВФЫВФЫВФВЫФВФЫВФЫВФЫВФЫВФЫВФВЫФВФЫВФЫВФЫВФЫВФЫВФВЫФВФЫВФЫВФЫВФЫВФЫВФВЫФВФЫВФЫВФЫВФЫВФЫВФВЫФВФЫВФЫВФЫВФЫВФЫВФВЫФВФЫВФЫВФЫВФЫВФЫВФВЫФВФЫВФЫВФЫВФЫВФЫВФВЫФВФЫВФЫВФЫВФЫВФЫВФВЫФВФЫВФЫВФЫВФЫВФЫВФВЫФВФЫВФЫВФЫВФЫВФЫВФВЫФВФЫВФЫВФЫВФЫВФЫВФВЫФВФЫВФЫВФЫВФЫВФЫВФВЫФВФЫВФЫВФЫВФЫВФЫВФВЫФВФЫВФЫВФЫВФЫВФЫВФВЫФВФЫВФЫВФЫВФЫВФЫВФВЫФВФЫВФЫВФЫВФЫВФЫВФВЫФВФЫВФЫВФЫВФЫВФЫВФВЫФВФЫВФЫВФЫВФЫВФЫВФВЫФВФЫВФЫВФЫВФЫВФЫВФВЫФВФЫВФЫВФЫВФЫВФЫВФВЫФВФЫВФЫВФЫВФЫВФЫВФВЫФВФЫВФЫВФЫВФЫВФЫВФВЫФВФЫВФЫВФЫВФЫВФЫВФВЫФВФЫВФЫВФЫВФЫВФЫВФВЫФВФЫВФЫВФЫВФЫВФЫВФВЫФВФЫВФЫВФЫВФЫВФЫВФВЫФВФЫВФЫВФЫВФЫВФЫВФВЫФВФЫВФЫВФЫВФЫВФЫВФВЫФВФЫВФЫВФЫВФЫВФЫВФВЫФВФЫВФЫВФЫВФЫВФЫВФВЫФВФЫВФЫВФЫВФЫВФЫВФВЫФВФЫВФЫВФЫВФЫВФЫВФВЫФВФЫВФЫВФЫВФЫВФЫВФВЫФВФЫВФЫВФЫВФЫВФЫВФВЫФВФЫВФЫВФЫВФЫВФЫВФВЫФВФЫВФЫВФЫВФЫВФЫВФВЫФВФЫВФЫВФЫВФЫВФЫВФВЫФВФЫВФЫВФЫВФЫВФЫВФВЫФВФЫВФЫВФЫВФЫВФЫВФВЫФВФЫВФЫВФЫВФЫВФЫВФВЫФВФЫВФЫВФЫВФЫВФЫВФВЫФВФЫВФЫВФЫВФЫВФЫВФВЫФВФЫВФЫВФЫВФЫВФЫВФВЫФВФЫВФЫВФЫВФЫВФЫВФВЫФВФЫВФЫВФЫВФЫВФЫВФВЫФВФЫВФЫВФЫВФЫВФЫВФВЫФВФЫВФЫВФЫВФЫВФЫВФВЫФВФЫВФЫВФЫВФЫВФЫВФВЫФВФЫВФЫВФЫВФЫВФЫВФВЫФВФЫВФЫВФЫВФЫВФЫВФВЫФВФЫВФЫВФЫВФЫВФЫВФВЫФВФЫВФЫВФЫВФЫВФЫВФВЫФВФЫВФЫВФЫВФЫВФЫВФВЫФВФЫВФЫВФЫВФЫВФЫВФВЫФВФЫВФЫВФЫВФЫВФЫВФВЫФВФЫВФЫВФЫВФЫВФЫВФВЫФВФЫВФЫВФЫВФЫВФЫВФВЫФВФЫВФЫВФЫВФЫВФЫВФВЫФВФЫВФЫВФЫВФЫВФЫВФВЫФВФЫВФЫВФЫВФЫВФЫВФВЫФВФЫВФЫВФЫВФЫВФЫВФВЫФВФЫВФЫВФЫВФЫВФЫВФВЫФВФЫВФЫВФЫВФЫВФЫВФВЫФВФЫВФЫВФЫВФЫВФЫВФВЫФВФЫВФЫВФЫВФЫВФЫВФВЫФВФЫВФЫВФЫВФЫВФЫВФВЫФВФЫВФЫВФЫВФЫВФЫВФВЫФВФЫВФЫВФЫВФЫВФЫВФВЫФВФЫВФЫВФЫВФЫВФЫВФВЫФВФЫВФЫВФЫВФЫВФЫВФВЫФВФЫВФЫВФЫВФЫВФЫВФВЫФВФЫВФЫВФЫВФЫВФЫВФВЫФВФЫВФЫВФЫВФЫВФЫВФВЫФВФЫВФЫВФЫВФЫВФЫВФВЫФВФЫВФЫВФЫВФЫВФЫВФВЫФВФЫВФЫВФЫВФЫВФЫВФВЫФВФЫВФЫВФЫВФЫВФЫВФВЫФВФЫВФЫВФЫВФЫВФЫВФВЫФВФЫВФЫВФЫВФЫВФЫВФВЫФВФЫВФЫВФЫВФЫВФЫВФВЫФВФЫВФЫВФЫВФЫВФЫВФВЫФВФЫВФЫВФЫВФЫВФЫВФВЫФВФЫВФЫВФЫВФЫВФЫВФВЫФВФЫВФЫВФЫВФЫВФЫВФВЫФВФЫВФЫВФЫВФЫВФЫВФВЫФВФЫВФЫВФЫВФЫВФЫВФВЫФВФЫВФЫВФЫВФЫВФЫВФВЫФВФЫВФЫВФЫВФЫВФЫВФВЫФВФЫВФЫВФЫВФЫВФЫВФВЫФВФЫВФЫВФЫВФЫВФЫВФВЫФВФЫВФЫВФЫВФЫВФЫВФВЫФВФЫВФЫВФЫВФЫВФЫВФВЫФВФЫВФЫВФЫВФЫВФЫВФВЫФВФЫВФЫВФЫВФЫВФЫВФВЫФВФЫВФЫВФЫВФЫВФЫВФВЫФВФЫВФЫВФЫВФЫВФЫВФВЫФВФЫВФЫВФЫВФЫВФЫВФВЫФВФЫВФЫВФЫВФЫВФЫВФВЫФВФЫВФЫВФЫВФЫВФЫВФВЫФВФЫВФЫВФЫВФЫВФЫВФВЫФВФЫВФЫВФЫВФЫВФЫВФВЫФВФЫВФЫВФЫВФЫВФЫВФВЫФВФЫВФЫВФЫВФЫВФЫВФВЫФВФЫВФЫВФЫВФЫВФЫВФВЫФВФЫВФЫВФЫВФЫВФЫВФВЫФВФЫВФЫВФЫВФЫВФЫВФВЫФВФЫВФЫВФЫВФЫВФЫВФВЫФВФЫВФЫВФЫВФЫВФЫВФВЫФВФЫВФЫВФЫВФЫВФЫВФВЫФВФЫВФЫВФЫВФЫВФЫВФВЫФВФЫВФЫВФЫВФЫВФЫВФВЫФВФЫВФЫВФЫВФЫВФЫВФВЫФВФЫВФЫВФЫВФЫВФЫВФВЫФВФЫВФЫВФЫВФЫВФЫВФВЫФВФЫВФЫВФЫВФЫВФЫВФВЫФВФЫВФЫВФЫВФЫВФЫВФВЫФВФЫВФЫВФЫВФЫВФЫВФВЫФВФЫВФЫВФЫВФЫВФЫВФВЫФВФЫВФЫВФЫВФЫВФЫВФВЫФВФЫВФЫВФЫВФЫВФЫВФВЫФВФЫВФЫВФЫВФЫВФЫВФВЫФВФЫВФЫВФЫВФЫВФЫВФВЫФВФЫВФЫВФЫВФЫВФЫВФВЫФВФЫВФЫВФЫВФЫВФЫВФВЫФВФЫВФЫВФЫВФЫВФЫВФВЫФВФЫВФЫВФЫВФЫВФЫВФВЫФВФЫВФЫВФЫВФЫВФЫВФВЫФВФЫВФЫВФЫВФЫВФЫВФВЫФВФЫВФЫВФЫВФЫВФЫВФВЫФВФЫВФЫВФЫВФЫВФЫВФВЫФВФЫВФЫВФЫВФЫВФЫВФВЫФВФЫВФЫВФЫВФЫВФЫВФВЫФВФЫВФЫВФЫВФЫВФЫВФВЫФВФЫВФЫВФЫВФЫВФЫВФВЫФВФЫВФЫВФЫВФЫВФЫВФВЫФВФЫВФЫВФЫВФЫВФЫВФВЫФВФЫВФЫВФЫВФЫВФЫВФВЫФВФЫВФЫВФЫВФЫВФЫВФВЫФВФЫВФЫВФЫВФЫВФЫВФВЫФВФЫВФЫВФЫВФЫВФЫВФВЫФВФЫВФЫВФЫВФЫВФЫВФВЫФВФЫВФЫВФЫВФЫВФЫВФВЫФВФЫВФЫВФЫВФЫВФЫВФВЫФВФЫВФЫВФЫВФЫВФЫВФВЫФВФЫВФЫВФЫВФЫВФЫВФВЫФВФЫВФЫВФЫВФЫВФЫВФВЫФВФЫВФЫВФЫВФЫВФЫВФВЫФВФЫВФЫВФЫВФЫВФЫВФВЫФВФЫВФЫВФЫВФЫВФЫВФВЫФВФЫВФЫВФЫВФЫВФЫВФВЫФВФЫВФЫВФЫВФЫВФЫВФВЫФВФЫВФЫВФЫВФЫВФЫВФВЫФВФЫВФЫВФЫВФЫВФЫВФВЫФВФЫВФЫВФЫВФЫВФЫВФВЫФВФЫВФЫВФЫВФЫВФЫВФВЫФВФЫВФЫВФЫВФЫВФЫВФВЫФВФЫВФЫВФЫВФЫВФЫВФВЫФВФЫВФЫВФЫВФЫВФЫВФВЫФВФЫВФЫВФЫВФЫВФЫВФВЫФВФЫВФЫВФЫВФЫВФЫВФВЫФВФЫВФЫВФЫВФЫВФЫВФВЫФВФЫВФЫВФЫВФЫВФЫВФВЫФВФЫВФЫВФЫВФЫВФЫВФВЫФВФЫВФЫВФЫВФЫВФЫВФВЫФВФЫВФЫВФЫВФЫВФЫВФВЫФВФЫВФЫВФЫВФЫВФЫВФВЫФВФЫВФЫВФЫВФЫВФЫВФВЫФВФЫВФЫВФЫВФЫВФЫВФВЫФВФЫВФЫВФЫВФЫВФЫВФВЫФВФЫВФЫВФЫВФЫВФЫВФВЫФВФЫВФЫВФЫВФЫВФЫВФВЫФВФЫВФЫВФЫВФЫВФЫВФВЫФВФЫВФЫВФЫВФЫВФЫВФВЫФВФЫВФЫВФЫВФЫВФЫВФВЫФВФЫВФЫВФЫВФЫВФЫВФВЫФВФЫВФЫВФЫВФЫВФЫВФВЫФВФЫВФЫВФЫВФЫВФЫВФВЫФВФЫВФЫВФЫВФЫВФЫВФВЫФВФЫВФЫВФЫВФЫВФЫВФВЫФВФЫВФЫВФЫВФЫВФЫВФВЫФВФЫВФЫВФЫВФЫВФЫВФВЫФВФЫВФЫВФЫВФЫВФЫВФВЫФВФЫВФЫВФЫВФЫВФЫВФВЫФВФЫВФЫВФЫВФЫВФЫВФВЫФВФЫВФЫВФЫВФЫВФЫВФВЫФВФЫВФЫВФЫВФЫВФЫВФВЫФВФЫВФЫВФЫВФЫВФЫВФВЫФВФЫВФЫВФЫВФЫВФЫВФВЫФВФЫВФЫВФЫВФЫВФЫВФВЫФВФЫВФЫВФЫВФЫВФЫВФВЫФВФЫВФЫВФЫВФЫВФЫВФВЫФВФЫВФЫВФЫВФЫВФЫВФВЫФВФЫВФЫВФЫВФЫВФЫВФВЫФВФЫВФЫВФЫВФЫВФЫВФВЫФВФЫВФЫВФЫВФЫВФЫВФВЫФВФЫВФЫВФЫВФЫВФЫВФВЫФВФЫВФЫВФЫВФЫВФЫВФВЫФВФЫВФЫВФЫВФЫВФЫВФВЫФВФЫВФЫВФЫВФЫВФЫВФВЫФВФЫВФЫВФЫВФЫВФЫВФВЫФВФЫВФЫВФЫВФЫВФЫВФВЫФВФЫВФЫВФЫВФЫВФЫВФВЫФВФЫВФЫВФЫВФЫВФЫВФВЫФВФЫВФЫВФЫВФЫВФЫВФВЫФВФЫВФЫВФЫВФЫВФЫВФВЫФВФЫВФЫВФЫВФЫВФЫВФВЫФВФЫВФЫВФЫВФЫВФЫВФВЫФВФЫВФЫВФЫВФЫВФЫВФВЫФВФЫВФЫВФЫВФЫВФЫВФВЫФВФЫВФЫВФЫВФЫВФЫВФВЫФВФЫВФЫВФЫВФЫВФЫВФВЫФВФЫВФЫВФЫВФЫВФЫВФВЫФВФЫВФЫВФЫВФЫВФЫВФВЫФВФЫВФЫВФЫВФЫВФЫВФВЫФВФЫВФЫВФЫВФЫВФЫВФВЫФВФЫВФЫВФЫВФЫВФЫВФВЫФВФЫВФЫВФЫВФЫВФЫВФВЫФВФЫВФЫВФЫВФЫВФЫВФВЫФВФЫВФЫВФЫВФЫВФЫВФВЫФВФЫВФЫВФЫВФЫВФЫВФВЫФВФЫВФЫВФЫВФЫВФЫВФВЫФВФЫВФЫВФЫВФЫВФЫВФВЫФВФЫВФЫВФЫВФЫВФЫВФВЫФВФЫВФЫВФЫВФЫВФЫВФВЫФВФЫВФЫВФЫВФЫВФЫВФВЫФВФЫВФЫВФЫВФЫВФЫВФВЫФВФЫВФЫВФЫВФЫВФЫВФВЫФВФЫВФЫВФЫВФЫВФЫВФВЫФВФЫВФЫВФЫВФЫВФЫВФВЫФВФЫВФЫВФЫВФЫВФЫВФВЫФВФЫВФЫВФЫВФЫВФЫВФВЫФВФЫВФЫВФЫВФЫВФЫВФВЫФВФЫВФЫВФЫВФЫВФЫВФВЫФВФЫВФЫВФЫВФЫВФЫВФВЫФВФЫВФЫВФЫВФЫВФЫВФВЫФВФЫВФЫВФЫВФЫВФЫВФВЫФВФЫВФЫВФЫВФЫВФЫВФВЫФВФЫВФЫВФЫВФЫВФЫВФВЫФВФЫВФЫВФЫВФЫВФЫВФВЫФВФЫВФЫВФЫВФЫВФЫВФВЫФВФЫВФЫВФЫВФЫВФЫВФВЫФВФЫВФЫВФЫВФЫВФЫВФВЫФВФЫВФЫВФЫВФЫВФЫВФВЫФВФЫВФЫВФЫВФЫВФЫВФВЫФВФЫВФЫВФЫВФЫВФЫВФВЫФВФЫВФЫВФЫВФЫВФЫВФВЫФВФЫВФЫВФЫВФЫВФЫВФВЫФВФЫВФЫВФЫВФЫВФЫВФВЫФВФЫВФЫВФЫВФЫВФЫВФВЫФВФЫВФЫВФЫВФЫВФЫВФВЫФВФЫВФЫВФЫВФЫВФЫВФВЫФВФЫВФЫВФЫВФЫВФЫВФВЫФВФЫВФЫВФЫВФЫВФЫВФВЫФВФЫВФЫВФЫВФЫВФЫВФВЫФВФЫВФЫВФЫВФЫВФЫВФВЫФВФЫВФЫВФЫВФЫВФЫВФВЫФВФЫВФЫВФЫВФЫВФЫВФВЫФВФЫВФЫВФЫВФЫВФЫВФВЫФВФЫВФЫВФЫВФЫВФЫВФВЫФВФЫВФЫВФЫВФЫВФЫВФВЫФВФЫВФЫВФЫВФЫВФЫВФВЫФВФЫВФЫВФЫВФЫВФЫВФВЫФВФЫВФЫВФЫВФЫВФЫВФВЫФВФЫВФЫВФЫВФЫВФЫВФВЫФВФЫВФЫВФЫВФЫВФЫВФВЫФВФЫВФЫВФЫВФЫВФЫВФВЫФВФЫВФЫВФЫВФЫВФЫВФВЫФВФЫВФЫВФЫВФЫВФЫВФВЫФВФЫВФЫВФЫВФЫВФЫВФВЫФВФЫВФЫВФЫВФЫВФЫВФВЫФВФЫВФЫВФЫВФЫВФЫВФВЫФВФЫВФЫВФЫВФЫВФЫВФВЫФВФЫВФЫВФЫВФЫВФЫВФВЫФВФЫВФЫВФЫВФЫВФЫВФВЫФВФЫВФЫВФЫВФЫВФЫВФВЫФВФЫВФЫВФЫВФЫВФЫВФВЫФВФЫВФЫВФЫВФЫВФЫВФВЫФВФЫВФЫВФЫВФЫВФЫВФВЫФВФЫВФЫВФЫВФЫВФЫВФВЫФВФЫВФЫВФЫВФЫВФЫВФВЫФВФЫВФЫВФЫВФЫВФЫВФВЫФВФЫВФЫВФЫВФЫВФЫВФВЫФВФЫВФЫВФЫВФЫВФЫВФВЫФВФЫВФЫВФЫВФЫВФЫВФВЫФВФЫВФЫВФЫВФЫВФЫВФВЫФВФЫВФЫВФЫВФЫВФЫВФВЫФВФЫВФЫВФЫВФЫВФЫВФВЫФВФЫВФЫВФЫВФЫВФЫВФВЫФВФЫВФЫВФЫВФЫВФЫВФВЫФВФЫВФЫВФЫВФЫВФЫВФВЫФВФЫВФЫВФЫВФЫВФЫВФВЫФВФЫВФЫВФЫВФЫВФЫВФВЫФВФЫВФЫВФЫВФЫВФЫВФВЫФВФЫВФЫВФЫВФЫВФЫВФВЫФВФЫВФЫВФЫВФЫВФЫВФВЫФВФЫВФЫВФЫВФЫВФЫВФВЫФВФЫВФЫВФЫВФЫВФЫВФВЫФВФЫВФЫВФЫВФЫВФЫВФВЫФВФЫВФЫВФЫВФЫВФЫВФВЫФВФЫВФЫВФЫВФЫВФЫВФВЫФВФЫВФЫВФЫВФЫВФЫВФВЫФВФЫВФЫВФЫВФЫВФЫВФВЫФВФЫВФЫВФЫВФЫВФЫВФВЫФВФЫВФЫВФЫВФЫВФЫВФВЫФВФЫВФЫВФЫВФЫВФЫВФВЫФВФЫВФЫВФЫВФЫВФЫВФВЫФВФЫВФЫВФЫВФЫВФЫВФВЫФВФЫВФЫВФЫВФЫВФЫВФВЫФВФЫВФЫВФЫВФЫВФЫВФВЫФВФЫВФЫВФЫВФЫВФЫВФВЫФВФЫВФЫВФЫВФЫВФЫВФВЫФВФЫВФЫВФЫВФЫВФЫВФВЫФВФЫВФЫВФЫВФЫВФЫВФВЫФВФЫВФЫВФЫВФЫВФЫВФВЫФВФЫВФЫВФЫВФЫВФЫВФВЫФВФЫВФЫВФЫВФЫВФЫВФВЫФВФЫВФЫВФЫВФЫВФЫВФВЫФВФЫВФЫВФЫВФЫВФЫВФВЫФВФЫВФЫВФЫВФЫВФЫВФВЫФВФЫВФЫВФЫВФЫВФЫВФВЫФВФЫВФЫВФЫВФЫВФЫВФВЫФВФЫВФЫВФЫВФЫВФЫВФВЫФВФЫВФЫВФЫВФЫВФЫВФВЫФВФЫВФЫВФЫВФЫВФЫВФВЫФВФЫВФЫВФЫВФЫВФЫВФВЫФВФЫВФЫВФЫВФЫВФЫВФВЫФВФЫВФЫВФЫВФЫВФЫВФВЫФВФЫВФЫВФЫВФЫВФЫВФВЫФВФЫВФЫВФЫВФЫВФЫВФВЫФВФЫВФЫВФЫВФЫВФЫВФВЫФВФЫВФЫВФЫВФЫВФЫВФВЫФВФЫВФЫВФЫВФЫВФЫВФВЫФВФЫВФЫВФЫВФЫВФЫВФВЫФВФЫВФЫВФЫВФЫВФЫВФВЫФВФЫВФЫВФЫВФЫВФЫВФВЫФВФЫВФЫВФЫВФЫВФЫВФВЫФВФЫВФЫВФЫВФЫВФЫВФВЫФВФЫВФЫВФЫВФЫВФЫВФВЫФВФЫВФЫВФЫВФЫВФЫВФВЫФВФЫВФЫВФЫВФЫВФЫВФВЫФВФЫВФЫВФЫВФЫВФЫВФВЫФВФЫВФЫВФЫВФЫВФЫВФВЫФВФЫВФЫВФЫВФЫВФЫВФВЫФВФЫВФЫВФЫВФЫВФЫВФВЫФВФЫВФЫВФЫВФЫВФЫВФВЫФВФЫВФЫВФЫВФЫВФЫВФВЫФВФЫВФЫВФЫВФЫВФЫВФВЫФВФЫВФЫВФЫВФЫВФЫВФВЫФВФЫВФЫВФЫВФЫВФЫВФВЫФВФЫВФЫВФЫВФЫВФЫВФВЫФВФЫВФЫВФЫВФЫВФЫВФВЫФВФЫВФЫВФЫВФЫВФЫВФВЫФВФЫВФЫВФЫВФЫВФЫВФВЫФВФЫВФЫВФЫВФЫВФЫВФВЫФВФЫВФЫВФЫВФЫВФЫВФВЫФВФЫВФЫВФЫВФЫВФЫВФВЫФВФЫВФЫВФЫВФЫВФЫВФВЫФВФЫВФЫВФЫВФЫВФЫВФВЫФВФЫВФЫВФЫВФЫВФЫВФВЫФВФЫВФЫВФЫВФЫВФЫВФВЫФВФЫВФЫВФЫВФЫВФЫВФВЫФВФЫВФЫВФЫВФЫВФЫВФВЫФВФЫВФЫВФЫВФЫВФЫВФВЫФВФЫВФЫВФЫВФЫВФЫВФВЫФВФЫВФЫВФЫВФЫВФЫВФВЫФВФЫВФЫВФЫВФЫВФЫВФВЫФВФЫВФЫВФЫВФЫВФЫВФВЫФВФЫВФЫВФЫВФЫВФЫВФВЫФВФЫВФЫВФЫВФЫВФЫВФВЫФВФЫВФЫВФЫВФЫВФЫВФВЫФВФЫВФЫВФЫВФЫВФЫВФВЫФВФЫВФЫВФЫВФЫВФЫВФВЫФВФЫВФЫВФЫВФЫВФЫВФВЫФВФЫВФЫВФЫВФЫВФЫВФВЫФВФЫВФЫВФЫВФЫВФЫВФВЫФВФЫВФЫВФЫВФЫВФЫВФВЫФВФЫВФЫВФЫВФЫВФЫВФВЫФВФЫВФЫВФЫВФЫВФЫВФВЫФВФЫВФЫВФЫВФЫВФЫВФВЫФВФЫВФЫВФЫВФЫВФЫВФВЫФВФЫВФЫВФЫВФЫВФЫВФВЫФВФЫВФЫВФЫВФЫВФЫВФВЫФВФЫВФЫВФЫВФЫВФЫВФВЫФВФЫВФЫВФЫВФЫВФЫВФВЫФВФЫВФЫВФЫВФЫВФЫВФВЫФВФЫВФЫВФЫВФЫВФЫВФВЫФВФЫВФЫВФЫВФЫВФЫВФВЫФВФЫВФЫВФЫВФЫВФЫВФВЫФВФЫВФЫВФЫВФЫВФЫВФВЫФВФЫВФЫВФЫВФЫВФЫВФВЫФВФЫВФЫВФЫВФЫВФЫВФВЫФВФЫВФЫВФЫВФЫВФЫВФВЫФВФЫВФЫВФЫВФЫВФЫВФВЫФВФЫВФЫВФЫВФЫВФЫВФВЫФВФЫВФЫВФЫВФЫВФЫВФВЫФВФЫВФЫВФЫВФЫВФЫВФВЫФВФЫВФЫВФЫВФЫВФЫВФВЫФВФЫВФЫВФЫВФЫВФЫВФВЫФВФЫВФЫВФЫВФЫВФЫВФВЫФВФЫВФЫВФЫВФЫВФЫВФВЫФВФЫВФЫВФЫВФЫВФЫВФВЫФВФЫВФЫВФЫВФЫВФЫВФВЫФВФЫВФЫВФЫВФЫВФЫВФВЫФВФЫВФЫВФЫВФЫВФЫВФВЫФВФЫВФЫВФЫВФЫВФЫВФВЫФВФЫВФЫВФЫВФЫВФЫВФВЫФВФЫВФЫВФЫВФЫВФЫВФВЫФВФЫВФЫВФЫВФЫВФЫВФВЫФВФЫВФЫВФЫВФЫВФЫВФВЫФВФЫВФЫВФЫВФЫВФЫВФВЫФВФЫВФЫВФЫВФЫВФЫВФВЫФВФЫВФЫВФЫВФЫВФЫВФВЫФВФЫВФЫВФЫВФЫВФЫВФВЫФВФЫВФЫВФЫВФЫВФЫВФВЫФВФЫВФЫВФЫВФЫВФЫВФВЫФВФЫВФЫВФЫВФЫВФЫВФВЫФВФЫВФЫВФЫВФЫВФЫВФВЫФВФЫВФЫВФЫВФЫВФЫВФВЫФВФЫВФЫВФЫВФЫВФЫВФВЫФВФЫВФЫВФЫВФЫВФЫВФВЫФВФЫВФЫВФЫВФЫВФЫВФВЫФВФЫВФЫВФЫВФЫВФЫВФВЫФВФЫВФЫВФЫВФЫВФЫВФВЫФВФЫВФЫВФЫВФЫВФЫВФВЫФВФЫВФЫВФЫВФЫВФЫВФВЫФВФЫВФЫВФЫВФЫВФЫВФВЫФВФЫВФЫВФЫВФЫВФЫВФВЫФВФЫВФЫВФЫВФЫВФЫВФВЫФВФЫВФЫВФЫВФЫВФЫВФВЫФВФЫВФЫВФЫВФЫВФЫВФВЫФВФЫВФЫВФЫВФЫВФЫВФВЫФВФЫВФЫВФЫВФЫВФЫВФВЫФВФЫВФЫВФЫВФЫВФЫВФВЫФВФЫВФЫВФЫВФЫВФЫВФВЫФВФЫВФЫВФЫВФЫВФЫВФВЫФВФЫВФЫВФЫВФЫВФЫВФВЫФВФЫВФЫВФЫВФЫВФЫВФВЫФВФЫВФЫВФЫВФЫВФЫВФВЫФВФЫВФЫВФЫВФЫВФЫВФВЫФВФЫВФЫВФЫВФЫВФЫВФВЫФВФЫВФЫВФЫВФЫВФЫВФВЫФВФЫВФЫВФЫВФЫВФЫВФВЫФВФЫВФЫВФЫВФЫВФЫВФВЫФВФЫВФЫВФЫВФЫВФЫВФВЫФВФЫВФЫВФЫВФЫВФЫВФВЫФВФЫВФЫВФЫВФЫВФЫВФВЫФВФЫВФЫВФЫВФЫВФЫВФВЫФВФЫВФЫВФЫВФЫВФЫВФВЫФВФЫВФЫВФЫВФЫВФЫВФВЫФВФЫВФЫВФЫВФЫВФЫВФВЫФВФЫВФЫВФЫВФЫВФЫВФВЫФВФЫВФЫВФЫВФЫВФЫВФВЫФВФЫВФЫВФЫВФЫВФЫВФВЫФВФЫВФЫВФЫВФЫВФЫВФВЫФВФЫВФЫВФЫВФЫВФЫВФВЫФВФЫВФЫВФЫВФЫВФЫВФВЫФВФЫВФЫВФЫВФЫВФЫВФВЫФВФЫВФЫВФЫВФЫВФЫВФВЫФВФЫВФЫВФЫВФЫВФЫВФВЫФВФЫВФЫВФЫВФЫВФЫВФВЫФВФЫВФЫВФЫВФЫВФЫВФВЫФВФЫВФЫВФЫВФЫВФЫВФВЫФВФЫВФЫВФЫВФЫВФЫВФВЫФВФЫВФЫВФЫВФЫВФЫВФВЫФВФЫВФЫВФЫВФЫВФЫВФВЫФВФЫВФЫВФЫВФЫВФЫВФВЫФВФЫВФЫВФЫВФЫВФЫВФВЫФВФЫВФЫВФЫВФЫВФЫВФВЫФВФЫВФЫВФЫВФЫВФЫВФВЫФВФЫВФЫВФЫВФЫВФЫВФВЫФВФЫВФЫВФЫВФЫВФЫВФВЫФВФЫВФЫВФЫВФЫВФЫВФВЫФВФЫВФЫВФЫВФЫВФЫВФВЫФВФЫВФЫВФЫВФЫВФЫВФВЫФВФЫВФЫВФЫВФЫВФЫВФВЫФВФЫВФЫВФЫВФЫВФЫВФВЫФВФЫВФЫВФЫВФЫВФЫВФВЫФВФЫВФЫВФЫВФЫВФЫВФВЫФВФЫВФЫВФЫВФЫВФЫВФВЫФВФЫВФЫВФЫВФЫВФЫВФВЫФВФЫВФЫВФЫВФЫВФЫВФВЫФВФЫВФЫВФЫВФЫВФЫВФВЫФВФЫВФЫВФЫВФЫВФЫВФВЫФВФЫВФЫВФЫВФЫВФЫВФВЫФВФЫВФЫВФЫВФЫВФЫВФВЫФВФЫВФЫВФЫВФЫВФЫВФВЫФВФЫВФЫВФЫВФЫВФЫВФВЫФВФЫВФЫВФЫВФЫВФЫВФВЫФВФЫВФЫВФЫВФЫВФЫВФВЫФВФЫВФЫВФЫВФЫВФЫВФВЫФВФЫВФЫВФЫВФЫВФЫВФВЫФВФЫВФЫВФЫВФЫВФЫВФВЫФВФЫВФЫВФЫВФЫВФЫВФВЫФВФЫВФЫВФЫВФЫВФЫВФВЫФВФЫВФЫВФЫВФЫВФЫВФВЫФВФЫВФЫВФЫВФЫВФЫВФВЫФВФЫВФЫВФЫВФЫВФЫВФВЫФВФЫВФЫВФЫВФЫВФЫВФВЫФВФЫВФЫВФЫВФЫВФЫВФВЫФВФЫВФЫВФЫВФЫВФЫВФВЫФВФЫВФЫВФЫВФЫВФЫВФВЫФВФЫВФЫВФЫВФЫВФЫВФВЫФВФЫВФЫВФЫВФЫВФЫВФВЫФВФЫВФЫВФЫВФЫВФЫВФВЫФВФЫВФЫВФЫВФЫВФЫВФВЫФВФЫВФЫВФЫВФЫВФЫВФВЫФВФЫВФЫВФЫВФЫВФЫВФВЫФВФЫВФЫВФЫВФЫВФЫВФВЫФВФЫВФЫВФЫВФЫВФЫВФВЫФВФЫВФЫВФЫВФЫВФЫВФВЫФВФЫВФЫВФЫВФЫВФЫВФВЫФВФЫВФЫВФЫВФЫВФЫВФВЫФВФЫВФЫВФЫВФЫВФЫВФВЫФВФЫВФЫВФЫВФЫВФЫВФВЫФВФЫВФЫВФЫВФЫВФЫВФВЫФВФЫВФЫВФЫВФЫВФЫВФВЫФВФЫВФЫВФЫВФЫВФЫВФВЫФВФЫВФЫВФЫВФЫВФЫВФВЫФВФЫВФЫВФЫВФЫВФЫВФВЫФВФЫВФЫВФЫВФЫВФЫВФВЫФВФЫВФЫВФЫВФЫВФЫВФВЫФВФЫВФЫВФЫВФЫВФЫВФВЫФВФЫВФЫВФЫВФЫВФЫВФВЫФВФЫВФЫВФЫВФЫВФЫВФВЫФВФЫВФЫВФЫВФЫВФЫВФВЫФВФЫВФЫВФЫВФЫВФЫВФВЫФВФЫВФЫВФЫВФЫВФЫВФВЫФВФЫВФЫВФЫВФЫВФЫВФВЫФВФЫВФЫВФЫВФЫВФЫВФВЫФВФЫВФЫВФЫВФЫВФЫВФВЫФВФЫВФЫВФЫВФЫВФЫВФВЫФВФЫВФЫВФЫВФЫВФЫВФВЫФВФЫВФЫВФЫВФЫВФЫВФВЫФВФЫВФЫВФЫВФЫВФЫВФВЫФВФЫВФЫВФЫВФЫВФЫВФВЫФВФЫВФЫВФЫВФЫВФЫВФВЫФВФЫВФЫВФЫВФЫВФЫВФВЫФВФЫВФЫВФЫВФЫВФЫВФВЫФВФЫВФЫВФЫВФЫВФЫВФВЫФВФЫВФЫВФЫВФЫВФЫВФВЫФВФЫВФЫВФЫВФЫВФЫВФВЫФВФЫВФЫВФЫВФЫВФЫВФВЫФВФЫВФЫВФЫВФЫВФЫВФВЫФВФЫВФЫВФЫВФЫВФЫВФВЫФВФЫВФЫВФЫВФЫВФЫВФВЫФВФЫВФЫВФЫВФЫВФЫВФВЫФВФЫВФЫВФЫВФЫВФЫВФВЫФВФЫВФЫВФЫВФЫВФЫВФВЫФВФЫВФЫВФЫВФЫВФЫВФВЫФВФЫВФЫВФЫВФЫВФЫВФВЫФВФЫВФЫВФЫВФЫВФЫВФВЫФВФЫВФЫВФЫВФЫВФЫВФВЫФВФЫВФЫВФЫВФЫВФЫВФВЫФВФЫВФЫВФЫВФЫВФЫВФВЫФВФЫВФЫВФЫВФЫВФЫВФВЫФВФЫВФЫВФЫВФЫВФЫВФВЫФВФЫВФЫВФЫВФЫВФЫВФВЫФВФЫВФЫВФЫВФЫВФЫВФВЫФВФЫВФЫВФЫВФЫВФЫВФВЫФВФЫВФЫВФЫВФЫВФЫВФВЫФВФЫВФЫВФЫВФЫВФЫВФВЫФВФЫВФЫВФЫВФЫВФЫВФВЫФВФЫВФЫВФЫВФЫВФЫВФВЫФВФЫВФЫВФЫВФЫВФЫВФВЫФВФЫВФЫВФЫВФЫВФЫВФВЫФВФЫВФЫВФЫВФЫВФЫВФВЫФВФЫВФЫВФЫВФЫВФЫВФВЫФВФЫВФЫВФЫВФЫВФЫВФВЫФВФЫВФЫВФЫВФЫВФЫВФВЫФВФЫВФЫВФЫВФЫВФЫВФВЫФВФЫВФЫВФЫВФЫВФЫВФВЫФВФЫВФЫВФЫВФЫВФЫВФВЫФВФЫВФЫВФЫВФЫВФЫВФВЫФВФЫВФЫВФЫВФЫВФЫВФВЫФВФЫВФЫВФЫВФЫВФЫВФВЫФВФЫВФЫВФЫВФЫВФЫВФВЫФВФЫВФЫВФЫВФЫВФЫВФВЫФВФЫВФЫВФЫВФЫВФЫВФВЫФВФЫВФЫВФЫВФЫВФЫВФВЫФВФЫВФЫВФЫВФЫВФЫВФВЫФВФЫВФЫВФЫВФЫВФЫВФВЫФВФЫВФЫВФЫВФЫВФЫВФВЫФВФЫВФЫВФЫВФЫВФЫВФВЫФВФЫВФЫВФЫВФЫВФЫВФВЫФВФЫВФЫВФЫВФЫВФЫВФВЫФВФЫВФЫВФЫВФЫВФЫВФВЫФВФЫВФЫВФЫВФЫВФЫВФВЫФВФЫВФЫВФЫВФЫВФЫВФВЫФВФЫВФЫВФЫВФЫВФЫВФВЫФВФЫВФЫВФЫВФЫВФЫВФВЫФВФЫВФЫВФЫВФЫВФЫВФВЫФВФЫВФЫВФЫВФЫВФЫВФВЫФВФЫВФЫВФЫВФЫВФЫВФВЫФВФЫВФЫВФЫВФЫВФЫВФВЫФВФЫВФЫВФЫВФЫВФЫВФВЫФВФЫВФЫВФЫВФЫВФЫВФВЫФВФЫВФЫВФЫВФЫВФЫВФВЫФВФЫВФЫВФЫВФЫВФЫВФВЫФВФЫВФЫВФЫВФЫВФЫВФВЫФВФЫВФЫВФЫВФЫВФЫВФВЫФВФЫВФЫВФЫВФЫВФЫВФВЫФВФЫВФЫВФЫВФЫВФЫВФВЫФВФЫВФЫВФЫВФЫВФЫВФВЫФВФЫВФЫВФЫВФЫВФЫВФВЫФВФЫВФЫВФЫВФЫВФЫВФВЫФВФЫВФЫВФЫВФЫВФЫВФВЫФВФЫВФЫВФЫВФЫВФЫВФВЫФВФЫВФЫВФЫВФЫВФЫВФВЫФВФЫВФЫВФЫВФЫВФЫВФВЫФВФЫВФЫВФЫВФЫВФЫВФВЫФВФЫВФЫВФЫВФЫВФЫВФВЫФВФЫВФЫВФЫВФЫВФЫВФВЫФВФЫВФЫВФЫВФЫВФЫВФВЫФВФЫВФЫВФЫВФЫВФЫВФВЫФВФЫВФЫВФЫВФЫВФЫВФВЫФВФЫВФЫВФЫВФЫВФЫВФВЫФВФЫВФЫВФЫВФЫВФЫВФВЫФВФЫВФЫВФЫВФЫВФЫВФВЫФВФЫВФЫВФЫВФЫВФЫВФВЫФВФЫВФЫВФЫВФЫВФЫВФВЫФВФЫВФЫВФЫВФЫВФЫВФВЫФВФЫВФЫВФЫВФЫВФЫВФВЫФВФЫВФЫВФЫВФЫВФЫВФВЫФВФЫВФЫВФЫВФЫВФЫВФВЫФВФЫВФЫВФЫВФЫВФЫВФВЫФВФЫВФЫВФЫВФЫВФЫВФВЫФВФЫВФЫВФЫВФЫВФЫВФВЫФВФЫВФЫВФЫВФЫВФЫВФВЫФВФЫВФЫВФЫВФЫВФЫВФВЫФВФЫВФЫВФЫВФЫВФЫВФВЫФВФЫВФЫВФЫВФЫВФЫВФВЫФВФЫВФЫВФЫВФЫВФЫВФВЫФВФЫВФЫВФЫВФЫВФЫВФВЫФВФЫВФЫВФЫВФЫВФЫВФВЫФВФЫВФЫВФЫВФЫВФЫВФВЫФВФЫВФЫВФЫВФЫВФЫВФВЫФВФЫВФЫВФЫВФЫВФЫВФВЫФВФЫВФЫВФЫВФЫВФЫВФВЫФВФЫВФЫВФЫВФЫВФЫВФВЫФВФЫВФЫВФЫВФЫВФЫВФВЫФВФЫВФЫВФЫВФЫВФЫВФВЫФВФЫВФЫВФЫВФЫВФЫВФВЫФВФЫВФЫВФЫВФЫВФЫВФВЫФВФЫВФЫВФЫВФЫВФЫВФВЫФВФЫВФЫВФЫВФЫВФЫВФВЫФВФЫВФЫВФЫВФЫВФЫВФВЫФВФЫВФЫВФЫВФЫВФЫВФВЫФВФЫВФЫВФЫВФЫВФЫВФВЫФВФЫВФЫВФЫВФЫВФЫВФВЫФВФЫВФЫВФЫВФЫВФЫВФВЫФВФЫВФЫВФЫВФЫВФЫВФВЫФВФЫВФЫВФЫВФЫВФЫВФВЫФВФЫВФЫВФЫВФЫВФЫВФВЫФВФЫВФЫВФЫВФЫВФЫВФВЫФВФЫВФЫВФЫВФЫВФЫВФВЫФВФЫВФЫВФЫВФЫВФЫВФВЫФВФЫВФЫВФЫВФЫВФЫВФВЫФВФЫВФЫВФЫВФЫВФЫВФВЫФВФЫВФЫВФЫВФЫВФЫВФВЫФВФЫВФЫВФЫВФЫВФЫВФВЫФВФЫВФЫВФЫВФЫВФЫВФВЫФВФЫВФЫВФЫВФЫВФЫВФВЫФВФЫВФЫВФЫВФЫВФЫВФВЫФВФЫВФЫВФЫВФЫВФЫВФВЫФВФЫВФЫВФЫВФЫВФЫВФВЫФВФЫВФЫВФЫВФЫВФЫВФВЫФВФЫВФЫВФЫВФЫВФЫВФВЫФВФЫВФЫВФЫВФЫВФЫВФВЫФВФЫВФЫВФЫВФЫВФЫВФВЫФВФЫВФЫВФЫВФЫВФЫВФВЫФВФЫВФЫВФЫВФЫВФЫВФВЫФВФЫВФЫВФЫВФЫВФЫВФВЫФВФЫВФЫВФЫВФЫВФЫВФВЫФВФЫВФЫВФЫВФЫВФЫВФВЫФВФЫВФЫВФЫВФЫВФЫВФВЫФВФЫВФЫВФЫВФЫВФЫВФВЫФВФЫВФЫВФЫВФЫВФЫВФВЫФВФЫВФЫВФЫВФЫВФЫВФВЫФВФЫВФЫВФЫВФЫВФЫВФВЫФВФЫВФЫВФЫВФЫВФЫВФВЫФВФЫВФЫВФЫВФЫВФЫВФВЫФВФЫВФЫВФЫВФЫВФЫВФВЫФВФЫВФЫВФЫВФЫВФЫВФВЫФВФЫВФЫВФЫВФЫВФЫВФВЫФВФЫВФЫВФЫВФЫВФЫВФВЫФВФЫВФЫВФЫВФЫВФЫВФВЫФВФЫВФЫВФЫВФЫВФЫВФВЫФВФЫВФЫВФЫВФЫВФЫВФВЫФВФЫВФЫВФЫВФЫВФЫВФВЫФВФЫВФЫВФЫВФЫВФЫВФВЫФВФЫВФЫВФЫВФЫВФЫВФВЫФВФЫВФЫВФЫВФЫВФЫВФВЫФВФЫВФЫВФЫВФЫВФЫВФВЫФВФЫВФЫВФЫВФЫВФЫВФВЫФВФЫВФЫВФЫВФЫВФЫВФВЫФВФЫВФЫВФЫВФЫВФЫВФВЫФВФЫВФЫВФЫВФЫВФЫВФВЫФВФЫВФЫВФЫВФЫВФЫВФВЫФВФЫВФЫВФЫВФЫВФЫВФВЫФВФЫВФЫВФЫВФЫВФЫВФВЫФВФЫВФЫВФЫВФЫВФЫВФВЫФВФЫВФЫВФЫВФЫВФЫВФВЫФВФЫВФЫВФЫВФЫВФЫВФВЫФВФЫВФЫВФЫВФЫВФЫВФВЫФВФЫВФЫВФЫВФЫВФЫВФВЫФВФЫВФЫВФЫВФЫВФЫВФВЫФВФЫВФЫВФЫВФЫВФЫВФВЫФВФЫВФЫВФЫВФЫВФЫВФВЫФВФЫВФЫВФЫВФЫВФЫВФВЫФВФЫВФЫВФЫВФЫВФЫВФВЫФВФЫВФЫВФЫВФЫВФЫВФВЫФВФЫВФЫВФЫВФЫВФЫВФВЫФВФЫВФЫВФЫВФЫВФЫВФВЫФВФЫВФЫВФЫВФЫВФЫВФВЫФВФЫВФЫВФЫВФЫВФЫВФВЫФВФЫВФЫВФЫВФЫВФЫВФВЫФВФЫВФЫВФЫВФЫВФЫВФВЫФВФЫВФЫВФЫВФЫВФЫВФВЫФВФЫВФЫВФЫВФЫВФЫВФВЫФВФЫВФЫВФЫВФЫВФЫВФВЫФВФЫВФЫВФЫВФЫВФЫВФВЫФВФЫВФЫВФЫВФЫВФЫВФВЫФВФЫВФЫВФЫВФЫВФЫВФВЫФВФЫВФЫВФЫВФЫВФЫВФВЫФВФЫВФЫВФЫВФЫВФЫВФВЫФВФЫВФЫВФЫВФЫВФЫВФВЫФВФЫВФЫВФЫВФЫВФЫВФВЫФВФЫВФЫВФЫВФЫВФЫВФВЫФВФЫВФЫВФЫВФЫВФЫВФВЫФВФЫВФЫВФЫВФЫВФЫВФВЫФВФЫВФЫВФЫВФЫВФЫВФВЫФВФЫВФЫВФЫВФЫВФЫВФВЫФВФЫВФЫВФЫВФЫВФЫВФВЫФВФЫВФЫВФЫВФЫВФЫВФВЫФВФЫВФЫВФЫВФЫВФЫВФВЫФВФЫВФЫВФЫВФЫВФЫВФВЫФВФЫВФЫВФЫВФЫВФЫВФВЫФВФЫВФЫВФЫВФЫВФЫВФВЫФВФЫВФЫВФЫВФЫВФЫВФВЫФВФЫВФЫВФЫВФЫВФЫВФВЫФВФЫВФЫВФЫВФЫВФЫВФВЫФВФЫВФЫВФЫВФЫВФЫВФВЫФВФЫВФЫВФЫВФЫВФЫВФВЫФВФЫВФЫВФЫВФЫВФЫВФВЫФВФЫВФЫВФЫВФЫВФЫВФВЫФВФЫВФЫВФЫВФЫВФЫВФВЫФВФЫВФЫВФЫВФЫВФЫВФВЫФВФЫВФЫВФЫВФЫВФЫВФВЫФВФЫВФЫВФЫВФЫВФЫВФВЫФВФЫВФЫВФЫВФЫВФЫВФВЫФВФЫВФЫВФЫВФЫВФЫВФВЫФВФЫВФЫВФЫВФЫВФЫВФВЫФВФЫВФЫВФЫВФЫВФЫВФВЫФВФЫВФЫВФЫВФЫВФЫВФВЫФВФЫВФЫВФЫВФЫВФЫВФВЫФВФЫВФЫВФЫВФЫВФЫВФВЫФВФЫВФЫВФЫВФЫВФЫВФВЫФВФЫВФЫВФЫВФЫВФЫВФВЫФВФЫВФЫВФЫВФЫВФЫВФВЫФВФЫВФЫВФЫВФЫВФЫВФВЫФВФЫВФЫВФЫВФЫВФЫВФВЫФВФЫВФЫВФЫВФЫВФЫВФВЫФВФЫВФЫВФЫВФЫВФЫВФВЫФВФЫВФЫВФЫВФЫВФЫВФВЫФВФЫВФЫВФЫВФЫВФЫВФВЫФВФЫВФЫВФЫВФЫВФЫВФВЫФВФЫВФЫВФЫВФЫВФЫВФВЫФВФЫВФЫВФЫВФЫВФЫВФВЫФВФЫВФЫВФЫВФЫВФЫВФВЫФВФЫВФЫВФЫВФЫВФЫВФВЫФВФЫВФЫВФЫВФЫВФЫВФВЫФВФЫВФЫВФЫВФЫВФЫВФВЫФВФЫВФЫВФЫВФЫВФЫВФВЫФВФЫВФЫВФЫВФЫВФЫВФВЫФВФЫВФЫВФЫВФЫВФЫВФВЫФВФЫВФЫВФЫВФЫВФЫВФВЫФВФЫВФЫВФЫВФЫВФЫВФВЫФВФЫВФЫВФЫВФЫВФЫВФВЫФВФЫВФЫВФЫВФЫВФЫВФВЫФВФЫВФЫВФЫВФЫВФЫВФВЫФВФЫВФЫВФЫВФЫВФЫВФВЫФВФЫВФЫВФЫВФЫВФЫВФВЫФВФЫВФЫВФЫВФЫВФЫВФВЫФВФЫВФЫВФЫВФЫВФЫВФВЫФВФЫВФЫВФЫВФЫВФЫВФВЫФВФЫВФЫВФЫВФЫВФЫВФВЫФВФЫВФЫВФЫВФЫВФЫВФВЫФВФЫВФЫВФЫВФЫВФЫВФВЫФВФЫВФЫВФЫВФЫВФЫВФВЫФВФЫВФЫВФЫВФЫВФЫВФВЫФВФЫВФЫВФЫВФЫВФЫВФВЫФВФЫВФЫВФЫВФЫВФЫВФВЫФВФЫВФЫВФЫВФЫВФЫВФВЫФВФЫВФЫВФЫВФЫВФЫВФВЫФВФЫВФЫВФЫВФЫВФЫВФВЫФВФЫВФЫВФЫВФЫВФЫВФВЫФВФЫВФЫВФЫВФЫВФЫВФВЫФВФЫВФЫВФЫВФЫВФЫВФВЫФВФЫВФЫВФЫВФЫВФЫВФВЫФВФЫВФЫВФЫВФЫВФЫВФВЫФВФЫВФЫВФЫВФЫВФЫВФВЫФВФЫВФЫВФЫВФЫВФЫВФВЫФВФЫВФЫВФЫВФЫВФЫВФВЫФВФЫВФЫВФЫВФЫВФЫВФВЫФВФЫВФЫВФЫВФЫВФЫВФВЫФВФЫВФЫВФЫВФЫВФЫВФВЫФВФЫВФЫВФЫВФЫВФЫВФВЫФВФЫВФЫВФЫВФЫВФЫВФВЫФВФЫВФЫВФЫВФЫВФЫВФВЫФВФЫВФЫВФЫВФЫВФЫВФВЫФВФЫВФЫВФЫВФЫВФЫВФВЫФВФЫВФЫВФЫВФЫВФЫВФВЫФВФЫВФЫВФЫВФЫВФЫВФВЫФВФЫВФЫВФЫВФЫВФЫВФВЫФВФЫВФЫВФЫВФЫВФЫВФВЫФВФЫВФЫВФЫВФЫВФЫВФВЫФВФЫВФЫВФЫВФЫВФЫВФВЫФВФЫВФЫВФЫВФЫВФЫВФВЫФВФЫВФЫВФЫВФЫВФЫВФВЫФВФЫВФЫВФЫВФЫВФЫВФВЫФВФЫВФЫВФЫВФЫВФЫВФВЫФВФЫВФЫВФЫВФЫВФЫВФВЫФВФЫВФЫВФЫВФЫВФЫВФВЫФВФЫВФЫВФЫВФЫВФЫВФВЫФВФЫВФЫВФЫВФЫВФЫВФВЫФВФЫВФЫВФЫВФЫВФЫВФВЫФВФЫВФЫВФЫВФЫВФЫВФВЫФВФЫВФЫВФЫВФЫВФЫВФВЫФВФЫВФЫВФЫВФЫВФЫВФВЫФВФЫВФЫВФЫВФЫВФЫВФВЫФВФЫВФЫВФЫВФЫВФЫВФВЫФВФЫВФЫВФЫВФЫВФЫВФВЫФВФЫВФЫВФЫВФЫВФЫВФВЫФВФЫВФЫВФЫВФЫВФЫВФВЫФВФЫВФЫВФЫВФЫВФЫВФВЫФВФЫВФЫВФЫВФЫВФЫВФВЫФВФЫВФЫВФЫВФЫВФЫВФВЫФВФЫВФЫВФЫВФЫВФЫВФВЫФВФЫВФЫВФЫВФЫВФЫВФВЫФВФЫВФЫВФЫВФЫВФЫВФВЫФВФЫВФЫВФЫВФЫВФЫВФВЫФВФЫВФЫВФЫВФЫВФЫВФВЫФВФЫВФЫВФЫВФЫВФЫВФВЫФВФЫВФЫВФЫВФЫВФЫВФВЫФВФЫВФЫВФЫВФЫВФЫВФВЫФВФЫВФЫВФЫВФЫВФЫВФВЫФВФЫВФЫВФЫВФЫВФЫВФВЫФВФЫВФЫВФЫВФЫВФЫВФВЫФВФЫВФЫВФЫВФЫВФЫВФВЫФВФЫВФЫВФЫВФЫВФЫВФВЫФВФЫВФЫВФЫВФЫВФЫВФВЫФВФЫВФЫВФЫВФЫВФЫВФВЫФВФЫВФЫВФЫВФЫВФЫВФВЫФВФЫВФЫВФЫВФЫВФЫВФВЫФВФЫВФЫВФЫВФЫВФЫВФВЫФВФЫВФЫВФЫВФЫВФЫВФВЫФВФЫВФЫВФЫВФЫВФЫВФВЫФВФЫВФЫВФЫВФЫВФЫВФВЫФВФЫВФЫВФЫВФЫВФЫВФВЫФВФЫВФЫВФЫВФЫВФЫВФВЫФВФЫВФЫВФЫВФЫВФЫВФВЫФВФЫВФЫВФЫВФЫВФЫВФВЫФВФЫВФЫВФЫВФЫВФЫВФВЫФВФЫВФЫВФЫВФЫВФЫВФВЫФВФЫВФЫВФЫВФЫВФЫВФВЫФВФЫВФЫВФЫВФЫВФЫВФВЫФВФЫВФЫВФЫВФЫВФЫВФВЫФВФЫВФЫВФЫВФЫВФЫВФВЫФВФЫВФЫВФЫВФЫВФЫВФВЫФВФЫВФЫВФЫВФЫВФЫВФВЫФВФЫВФЫВФЫВФЫВФЫВФВЫФВФЫВФЫВФЫВФЫВФЫВФВЫФВФЫВФЫВФЫВФЫВФЫВФВЫФВФЫВФЫВФЫВФЫВФЫВФВЫФВФЫВФЫВФЫВФЫВФЫВФВЫФВФЫВФЫВФЫВФЫВФЫВФВЫФВФЫВФЫВФЫВФЫВФЫВФВЫФВФЫВФЫВФЫВФЫВФЫВФВЫФВФЫВФЫВФЫВФЫВФЫВФВЫФВФЫВФЫВФЫВФЫВФЫВФВЫФВФЫВФЫВФЫВФЫВФЫВФВЫФВФЫВФЫВФЫВФЫВФЫВФВЫФВФЫВФЫВФЫВФЫВФЫВФВЫФВФЫВФЫВФЫВФЫВФЫВФВЫФВФЫВФЫВФЫВФЫВФЫВФВЫФВФЫВФЫВФЫВФЫВФЫВФВЫФВФЫВФЫВФЫВФЫВФЫВФВЫФВФЫВФЫВФЫВФЫВФЫВФВЫФВФЫВФЫВФЫВФЫВФЫВФВЫФВФЫВФЫВФЫВФЫВФЫВФВЫФВФЫВФЫВФЫВФЫВФЫВФВЫФВФЫВФЫВФЫВФЫВФЫВФВЫФВФЫВФЫВФЫВФЫВФЫВФВЫФВФЫВФЫВФЫВФЫВФЫВФВЫФВФЫВФЫВФЫВФЫВФЫВФВЫФВФЫВФЫВФЫВФЫВФЫВФВЫФВФЫВФЫВФЫВФЫВФЫВФВЫФВФЫВФЫВФЫВФЫВФЫВФВЫФВФЫВФЫВФЫВФЫВФЫВФВЫФВФЫВФЫВФЫВФЫВФЫВФВЫФВФЫВФЫВФЫВФЫВФЫВФВЫФВФЫВФЫВФЫВФЫВФЫВФВЫФВФЫВФЫВФЫВФЫВФЫВФВЫФВФЫВФЫВФЫВФЫВФЫВФВЫФВФЫВФЫВФЫВФЫВФЫВФВЫФВФЫВФЫВФЫВФЫВФЫВФВЫФВФЫВФЫВФЫВФЫВФЫВФВЫФВФЫВФЫВФЫВФЫВФЫВФВЫФВФЫВФЫВФЫВФЫВФЫВФВЫФВФЫВФЫВФЫВФЫВФЫВФВЫФВФЫВФЫВФЫВФЫВФЫВФВЫФВФЫВФЫВФЫВФЫВФЫВФВЫФВФЫВФЫВФЫВФЫВФЫВФВЫФВФЫВФЫВФЫВФЫВФЫВФВЫФВФЫВФЫВФЫВФЫВФЫВФВЫФВФЫВФЫВФЫВФЫВФЫВФВЫФВФЫВФЫВФЫВФЫВФЫВФВЫФВФЫВФЫВФЫВФЫВФЫВФВЫФВФЫВФЫВФЫВФЫВФЫВФВЫФВФЫВФЫВФЫВФЫВФЫВФВЫФВФЫВФЫВФЫВФЫВФЫВФВЫФВФЫВФЫВФЫВФЫВФЫВФВЫФВФЫВФЫВФЫВФЫВФЫВФВЫФВФЫВФЫВФЫВФЫВФЫВФВЫФВФЫВФЫВФЫВФЫВФЫВФВЫФВФЫВФЫВФЫВФЫВФЫВФВЫФВФЫВФЫВФЫВФЫВФЫВФВЫФВФЫВФЫВФЫВФЫВФЫВФВЫФВФЫВФЫВФЫВФЫВФЫВФВЫФВФЫВФЫВФЫВФЫВФЫВФВЫФВФЫВФЫВФЫВФЫВФЫВФВЫФВФЫВФЫВФЫВФЫВФЫВФВЫФВФЫВФЫВФЫВФЫВФЫВФВЫФВФЫВФЫВФЫВФЫВФЫВФВЫФВФЫВФЫВФЫВФЫВФЫВФВЫФВФЫВФЫВФЫВФЫВФЫВФВЫФВФЫВФЫВФЫВФЫВФЫВФВЫФВФЫВФЫВФЫВФЫВФЫВФВЫФВФЫВФЫВФЫВФЫВФЫВФВЫФВФЫВФЫВФЫВФЫВФЫВФВЫФВФЫВФЫВФЫВФЫВФЫВФВЫФВФЫВФЫВФЫВФЫВФЫВФВЫФВФЫВФЫВФЫВФЫВФЫВФВЫФВФЫВФЫВФЫВФЫВФЫВФВЫФВФЫВФЫВФЫВФЫВФЫВФВЫФВФЫВФЫВФЫВФЫВФЫВФВЫФВФЫВФЫВФЫВФЫВФЫВФВЫФВФЫВФЫВФЫВФЫВФЫВФВЫФВФЫВФЫВФЫВФЫВФЫВФВЫФВФЫВФЫВФЫВФЫВФЫВФВЫФВФЫВФЫВФЫВФЫВФЫВФВЫФВФЫВФЫВФЫВФЫВФЫВФВЫФВФЫВФЫВФЫВФЫВФЫВФВЫФВФЫВФЫВФЫВФЫВФЫВФВЫФВФЫВФЫВФЫВФЫВФЫВФВЫФВФЫВФЫВФЫВФЫВФЫВФВЫФВФЫВФЫВФЫВФЫВФЫВФВЫФВФЫВФЫВФЫВФЫВФЫВФВЫФВФЫВФЫВФЫВФЫВФЫВФВЫФВФЫВФЫВФЫВФЫВФЫВФВЫФВФЫВФЫВФЫВФЫВФЫВФВЫФВФЫВФЫВФЫВФЫВФЫВФВЫФВФЫВФЫВФЫВФЫВФЫВФВЫФВФЫВФЫВФЫВФЫВФЫВФВЫФВФЫВФЫВФЫВФЫВФЫВФВЫФВФЫВФЫВФЫВФЫВФЫВФВЫФВФЫВФЫВФЫВФЫВФЫВФВЫФВФЫВФЫВФЫВФЫВФЫВФВЫФВФЫВФЫВФЫВФЫВФЫВФВЫФВФЫВФЫВФЫВФЫВФЫВФВЫФВФЫВФЫВФЫВФЫВФЫВФВЫФВФЫВФЫВФЫВФЫВФЫВФВЫФВФЫВФЫВФЫВФЫВФЫВФВЫФВФЫВФЫВФЫВФЫВФЫВФВЫФВФЫВФЫВФЫВФЫВФЫВФВЫФВФЫВФЫВФЫВФЫВФЫВФВЫФВФЫВФЫВФЫВФЫВФЫВФВЫФВФЫВФЫВФЫВФЫВФЫВФВЫФВФЫВФЫВФЫВФЫВФЫВФВЫФВФЫВФЫВФЫВФЫВФЫВФВЫФВФЫВФЫВФЫВФЫВФЫВФВЫФВФЫВФЫВФЫВФЫВФЫВФВЫФВФЫВФЫВФЫВФЫВФЫВФВЫФВФЫВФЫВФЫВФЫВФЫВФВЫФВФЫВФЫВФЫВФЫВФЫВФВЫФВФЫВФЫВФЫВФЫВФЫВФВЫФВФЫВФЫВФЫВФЫВФЫВФВЫФВФЫВФЫВФЫВФЫВФЫВФВЫФВФЫВФЫВФЫВФЫВФЫВФВЫФВФЫВФЫВФЫВФЫВФЫВФВЫФВФЫВФЫВФЫВФЫВФЫВФВЫФВФЫВФЫВФЫВФЫВФЫВФВЫФВФЫВФЫВФЫВФЫВФЫВФВЫФВФЫВФЫВФЫВФЫВФЫВФВЫФВФЫВФЫВФЫВФЫВФЫВФВЫФВФЫВФЫВФЫВФЫВФЫВФВЫФВФЫВФЫВФЫВФЫВФЫВФВЫФВФЫВФЫВФЫВФЫВФЫВФВЫФВФЫВФЫВФЫВФЫВФЫВФВЫФВФЫВФЫВФЫВФЫВФЫВФВЫФВФЫВФЫВФЫВФЫВФЫВФВЫФВФЫВФЫВФЫВФЫВФЫВФВЫФВФЫВФЫВФЫВФЫВФЫВФВЫФВФЫВФЫВФЫВФЫВФЫВФВЫФВФЫ', '2019-05-23', 1, '0', -2147483648, '2019-05-24', 6, 41, 1),
(18, 'ARTEM-TEST1-STUDENT', '', '2019-06-03', 2, '2019-05-29', 2, '2019-05-29', 2, 42, 2),
(19, 'ARTEM-TEST2-STUDENT', '', '2020-03-07', 2, '2019-05-29', -2147483648, '2019-05-29', 3, 41, 1),
(20, 'Задача_тест', '', '2019-05-26', 1, '2019-05-30', 8, '2019-05-30', 4, 5, 4),
(22, 'Проверка', 'dsa', '2019-05-30', 3, '2019-05-28', 10, '2019-05-29', 3, 45, 4),
(23, 'ARTEM-TEST2-MENEDGER', '', '2019-05-29', 1, '2019-05-29', -2147483648, '2019-05-29', 3, 41, 4),
(24, 'ARTEM-TEST3-STUDENT', '', '2019-05-30', 1, '2019-05-29', 3, '2019-05-29', 3, 42, 1),
(25, 'ARTEM-TEST4-STUDENT', '', '2019-05-29', 2, '2019-05-29', -2147483648, '2019-05-29', 3, 41, 2),
(26, 'ARTEM-TEST3-MENEDGER', '', '2019-05-30', 1, '2019-05-29', -2147483648, '2019-05-29', 3, 41, 4),
(30, 'Архитектура', '', '2019-05-31', 1, '', 4, '', 2, 99, 1),
(31, 'Бизнес аналитика', 'Бизнес аналитика', '2019-06-02', 1, '', 4, '', 4, 99, 1),
(32, 'Разработка', 'Разработка', '2019-06-12', 1, '', 10, '', 5, 99, 1),
(36, 'Тестирование', '', '2019-05-30', 1, '2019-05-29', 1, '2019-05-29', 3, 107, 4),
(37, 'Релиз', '', '2019-05-31', 1, '2019-05-29', 1, '2019-05-29', 4, 108, 4),
(38, 'Документация', '', '2019-05-31', 1, '2019-05-29', 1, '2019-05-29', 2, 109, 4),
(39, 'ТЕСТ', '', '2019-06-03', 1, '', -2147483648, '', 2, 41, 1),
(40, 'Релиз', '', '2019-12-01', 1, '', -2147483648, '', 1, 41, 1),
(41, 'null', '', '2019-11-06', 1, '', -2147483648, '', 1, 41, 1),
(44, '123', '', '2019-11-06', 1, '', 123, '', 1, 41, 1);

-- --------------------------------------------------------

--
-- Структура таблицы `Task_type`
--
-- Создание: Июл 11 2020 г., 16:29
--

DROP TABLE IF EXISTS `Task_type`;
CREATE TABLE `Task_type` (
  `id` int(5) NOT NULL,
  `task_type_name` varchar(100) NOT NULL
) ENGINE=InnoDB DEFAULT CHARSET=utf8;

--
-- Дамп данных таблицы `Task_type`
--

INSERT INTO `Task_type` (`id`, `task_type_name`) VALUES
(1, 'Дизайн'),
(2, 'Документация'),
(3, 'Тестирование'),
(4, 'Аналитика'),
(5, 'Разработка'),
(6, 'Поиск решений');

-- --------------------------------------------------------

--
-- Структура таблицы `Type_priority`
--
-- Создание: Май 14 2019 г., 20:26
--

DROP TABLE IF EXISTS `Type_priority`;
CREATE TABLE `Type_priority` (
  `id` int(5) NOT NULL,
  `type_priority_name` varchar(100) NOT NULL
) ENGINE=InnoDB DEFAULT CHARSET=utf8;

--
-- Дамп данных таблицы `Type_priority`
--

INSERT INTO `Type_priority` (`id`, `type_priority_name`) VALUES
(1, 'Высокий'),
(2, 'Средний'),
(3, 'Низкий');

-- --------------------------------------------------------

--
-- Структура таблицы `Type_status`
--
-- Создание: Июл 11 2020 г., 16:01
--

DROP TABLE IF EXISTS `Type_status`;
CREATE TABLE `Type_status` (
  `id` int(5) NOT NULL,
  `type_status_name` varchar(100) NOT NULL
) ENGINE=InnoDB DEFAULT CHARSET=utf8;

--
-- Дамп данных таблицы `Type_status`
--

INSERT INTO `Type_status` (`id`, `type_status_name`) VALUES
(1, 'Новая'),
(2, 'В работе'),
(3, 'В ожидании'),
(4, 'Решено');

-- --------------------------------------------------------

--
-- Структура таблицы `Users`
--
-- Создание: Май 23 2019 г., 08:43
--

DROP TABLE IF EXISTS `Users`;
CREATE TABLE `Users` (
  `id` int(5) NOT NULL,
  `email` varchar(50) NOT NULL,
  `password` varchar(25) NOT NULL,
  `fio` varchar(200) NOT NULL,
  `id_members` int(5) NOT NULL,
  `id_system_roles` int(5) NOT NULL
) ENGINE=InnoDB DEFAULT CHARSET=utf8;

--
-- Дамп данных таблицы `Users`
--

INSERT INTO `Users` (`id`, `email`, `password`, `fio`, `id_members`, `id_system_roles`) VALUES
(5, 'test2@mail.ru', '1234', 'Ктотов Кто Ктотович', 2, 4),
(6, 'admin@mail.ru', 'qwerty', 'Админ Разработчик', 3, 1),
(8, 'dasha_test@yandex.ru', '5455', 'Пухарева Дарья Вадимовна', 5, 2),
(9, 'test_test@yandex.ru', 'qwe', 'Даша_Тест', 6, 3),
(14, 'teacher2@mail.ru', '12345', 'Игорь', 9, 3),
(16, 'mail_m@mail.ru', '123456', 'Даша Даша Даша', 26, 2),
(17, 'raz@www.ru', '123456', 'Даша Даша Даша2', 27, 4),
(18, 'vasya@gmail.com', '123456', 'Вася', 28, 4),
(26, 'artem@gmail.com', '123456', 'Артем', 30, 4),
(27, 'bulgakov_p@mail.ru', '123456', 'Булгаков Артём Преподович', 40, 3),
(28, 'bulgakov_m@mail.ru', '123456', 'Булгаков Артём Менеджерович', 41, 2),
(29, 'bulgakov_s@mail.ru', '123456', 'Булгаков Артём Студентович', 42, 4),
(30, 'bulgakov_a@mail.ru', '123456', 'Булгаков Артём Админович', 43, 1),
(31, 'dasha_test@mail.ru', '123456', 'Даша_тест_манагер', 44, 2),
(32, 'dasha_student@mail.ru', '123456', 'Даша_тест_тудент', 45, 4),
(37, 'oleovic@rambler.ru', '12345', 'Викентьева Ольга Леонидовна', 75, 3),
(38, 'Sasha@mail.ru', 'jhnfd3iO', 'Саша', 76, 3),
(40, 'oleovik_student@rambler.ru', 'j65cGlSX', 'Викентьева Ольга Ленонидовна', 78, 4),
(41, 'Oleovik_manager@rambler.ru', 'P5CvJHS9', 'Викентьева Ольга Леонидовна', 79, 2),
(42, 'oleovik_admin@rambler.ru', 'jhnfd3iO', 'Викентьева Ольга Леонидовна', 80, 1),
(43, 'artem-test@mail.ru', '1234ABV', 'Булгаков Артем Викторович', 6, 1),
(114, 'PREPOD@mail.ru', '123456', 'PREPOD', 96, 3),
(117, '11_STUDENT@mail.ru', '123456', '1-STUDENT', 99, 4),
(118, '22_STUDENT@mail.ru', '123456', '2-STUDENT', 100, 4),
(119, '33_STUDENT@mail.ru', '123456', '3-STUDENT', 101, 4),
(120, '1_MANAGER@mail.ru', '123456', '1-MANAGER', 103, 2),
(121, '44_STUDENT@mail.ru', '123456', '4-STUDENT', 104, 4),
(122, '55_STUDENT@mail.ru', '123456', '5-STUDENT', 105, 4),
(123, '66_STUDENT@mail.ru', '123456', '6-STUDENT', 106, 4),
(124, 'aaa@mail.ru', '123456', 'STUDENT', 107, 4),
(125, 'bbb@mail.ru', '123456', 'STUDENTT', 108, 4),
(126, 'vvv@mail.ru', '123456', 'MANAGER', 109, 2),
(127, 'ivanov@mail.ru', 'HUXEItM4', 'Иванов Иван Иванович', 114, 4);

--
-- Индексы сохранённых таблиц
--

--
-- Индексы таблицы `Comments`
--
ALTER TABLE `Comments`
  ADD PRIMARY KEY (`id`),
  ADD KEY `id_task_card` (`id_task_card`),
  ADD KEY `id_members` (`id_members`);

--
-- Индексы таблицы `Members`
--
ALTER TABLE `Members`
  ADD PRIMARY KEY (`id`),
  ADD KEY `id_project_roles` (`id_project_roles`),
  ADD KEY `id_projects` (`id_projects`);

--
-- Индексы таблицы `Projects`
--
ALTER TABLE `Projects`
  ADD PRIMARY KEY (`id`),
  ADD KEY `id_status` (`id_status`);

--
-- Индексы таблицы `Project_roles`
--
ALTER TABLE `Project_roles`
  ADD PRIMARY KEY (`id`);

--
-- Индексы таблицы `System_roles`
--
ALTER TABLE `System_roles`
  ADD PRIMARY KEY (`id`);

--
-- Индексы таблицы `Task_card`
--
ALTER TABLE `Task_card`
  ADD PRIMARY KEY (`id`),
  ADD KEY `id_task_type` (`id_task_type`),
  ADD KEY `id_mambers` (`id_members`),
  ADD KEY `id_priority` (`id_priority`),
  ADD KEY `id_status` (`id_status`);

--
-- Индексы таблицы `Task_type`
--
ALTER TABLE `Task_type`
  ADD PRIMARY KEY (`id`);

--
-- Индексы таблицы `Type_priority`
--
ALTER TABLE `Type_priority`
  ADD PRIMARY KEY (`id`);

--
-- Индексы таблицы `Type_status`
--
ALTER TABLE `Type_status`
  ADD PRIMARY KEY (`id`);

--
-- Индексы таблицы `Users`
--
ALTER TABLE `Users`
  ADD PRIMARY KEY (`id`),
  ADD KEY `id_members` (`id_members`),
  ADD KEY `Users_ibfk_1` (`id_system_roles`);

--
-- AUTO_INCREMENT для сохранённых таблиц
--

--
-- AUTO_INCREMENT для таблицы `Comments`
--
ALTER TABLE `Comments`
  MODIFY `id` int(5) NOT NULL AUTO_INCREMENT, AUTO_INCREMENT=30;

--
-- AUTO_INCREMENT для таблицы `Members`
--
ALTER TABLE `Members`
  MODIFY `id` int(5) NOT NULL AUTO_INCREMENT, AUTO_INCREMENT=115;

--
-- AUTO_INCREMENT для таблицы `Projects`
--
ALTER TABLE `Projects`
  MODIFY `id` int(5) NOT NULL AUTO_INCREMENT, AUTO_INCREMENT=21;

--
-- AUTO_INCREMENT для таблицы `Project_roles`
--
ALTER TABLE `Project_roles`
  MODIFY `id` int(5) NOT NULL AUTO_INCREMENT, AUTO_INCREMENT=8;

--
-- AUTO_INCREMENT для таблицы `System_roles`
--
ALTER TABLE `System_roles`
  MODIFY `id` int(5) NOT NULL AUTO_INCREMENT, AUTO_INCREMENT=5;

--
-- AUTO_INCREMENT для таблицы `Task_card`
--
ALTER TABLE `Task_card`
  MODIFY `id` int(5) NOT NULL AUTO_INCREMENT, AUTO_INCREMENT=45;

--
-- AUTO_INCREMENT для таблицы `Task_type`
--
ALTER TABLE `Task_type`
  MODIFY `id` int(5) NOT NULL AUTO_INCREMENT, AUTO_INCREMENT=7;

--
-- AUTO_INCREMENT для таблицы `Type_priority`
--
ALTER TABLE `Type_priority`
  MODIFY `id` int(5) NOT NULL AUTO_INCREMENT, AUTO_INCREMENT=4;

--
-- AUTO_INCREMENT для таблицы `Type_status`
--
ALTER TABLE `Type_status`
  MODIFY `id` int(5) NOT NULL AUTO_INCREMENT, AUTO_INCREMENT=5;

--
-- AUTO_INCREMENT для таблицы `Users`
--
ALTER TABLE `Users`
  MODIFY `id` int(5) NOT NULL AUTO_INCREMENT, AUTO_INCREMENT=128;

--
-- Ограничения внешнего ключа сохраненных таблиц
--

--
-- Ограничения внешнего ключа таблицы `Comments`
--
ALTER TABLE `Comments`
  ADD CONSTRAINT `Comments_ibfk_1` FOREIGN KEY (`id_task_card`) REFERENCES `Task_card` (`id`),
  ADD CONSTRAINT `Comments_ibfk_2` FOREIGN KEY (`id_members`) REFERENCES `Members` (`id`);

--
-- Ограничения внешнего ключа таблицы `Members`
--
ALTER TABLE `Members`
  ADD CONSTRAINT `Members_ibfk_1` FOREIGN KEY (`id_projects`) REFERENCES `Projects` (`id`),
  ADD CONSTRAINT `Members_ibfk_2` FOREIGN KEY (`id_project_roles`) REFERENCES `Project_roles` (`id`);

--
-- Ограничения внешнего ключа таблицы `Projects`
--
ALTER TABLE `Projects`
  ADD CONSTRAINT `Projects_ibfk_1` FOREIGN KEY (`id_status`) REFERENCES `Type_status` (`id`);

--
-- Ограничения внешнего ключа таблицы `Task_card`
--
ALTER TABLE `Task_card`
  ADD CONSTRAINT `Task_card_ibfk_1` FOREIGN KEY (`id_status`) REFERENCES `Type_status` (`id`),
  ADD CONSTRAINT `Task_card_ibfk_2` FOREIGN KEY (`id_priority`) REFERENCES `Type_priority` (`id`),
  ADD CONSTRAINT `Task_card_ibfk_3` FOREIGN KEY (`id_task_type`) REFERENCES `Task_type` (`id`),
  ADD CONSTRAINT `Task_card_ibfk_5` FOREIGN KEY (`id_members`) REFERENCES `Members` (`id`);

--
-- Ограничения внешнего ключа таблицы `Users`
--
ALTER TABLE `Users`
  ADD CONSTRAINT `Users_ibfk_1` FOREIGN KEY (`id_system_roles`) REFERENCES `System_roles` (`id`),
  ADD CONSTRAINT `Users_ibfk_2` FOREIGN KEY (`id_members`) REFERENCES `Members` (`id`) ON DELETE CASCADE ON UPDATE CASCADE;
COMMIT;

/*!40101 SET CHARACTER_SET_CLIENT=@OLD_CHARACTER_SET_CLIENT */;
/*!40101 SET CHARACTER_SET_RESULTS=@OLD_CHARACTER_SET_RESULTS */;
/*!40101 SET COLLATION_CONNECTION=@OLD_COLLATION_CONNECTION */;
